x0,y0,z0,x1,y1,z1,x2,y2,z2,x3,y3,z3,x4,y4,z4,x5,y5,z5,x6,y6,z6,x7,y7,z7,x8,y8,z8,x9,y9,z9,x10,y10,z10,x11,y11,z11,x12,y12,z12,x13,y13,z13,x14,y14,z14,x15,y15,z15,x16,y16,z16,x17,y17,z17,x18,y18,z18
-0.0097245741980318,-0.1461933003342625,-0.0406950999999997,0.0,0.0,0.0,0.0097245800591724,0.1461933229158478,0.0406953000000003,0.0198859583695878,0.2921481698523401,0.0819572000000001,0.0330516777210484,0.2815476967473042,0.1160694000000002,0.066882201707692,0.2543107114463954,0.2037812000000003,-0.0577196146758638,0.0731663661161222,0.1431924000000002,-0.0785286019180162,0.2894526958284982,0.1707645000000002,0.0067202414822543,0.3027486271799396,0.0478450000000001,-0.02711028306177,0.3299856126251849,-0.0398668999999998,0.0677568266718989,0.1130891149934793,-0.0447722459459461,0.0520449069348253,-0.1333087523330077,-0.0205896749999999,0.021807554419981,-0.1679953550195493,0.0300375000000001,0.0367057191675793,-0.5495319510397245,-0.0940247999999996,0.0559072922532382,-0.8876281527062608,-0.2067316999999997,-0.0412567098890499,-0.1243912472063145,-0.1114276999999996,-0.0514786385321685,-0.5053483995324902,-0.2371236999999997,-0.0193346318695837,-0.836568752710445,-0.3654261999999999,-0.0514671822627969,0.373158619072608,0.1188640000000003
-0.0097482537031002,-0.1464744309455874,-0.0383022000000004,0.0,0.0,0.0,0.0097482511439309,0.1464744408283395,0.0383022999999997,0.0198223929039965,0.2927883097452419,0.0770143999999999,0.0339844744459269,0.2828727735478432,0.1107637999999999,0.0696139374898025,0.2579290525014496,0.1956779999999995,-0.0612233064758294,0.0791238252114888,0.1513008999999998,-0.0713964117217623,0.2938832170923987,0.1860596999999999,0.0056603033844945,0.3027038454790024,0.0432650999999997,-0.0299691628086051,0.3276475925373405,-0.0416491000000003,0.035693264549901,0.1049571917604224,-0.0543561432432434,0.0168075676218223,-0.1407734696450857,-0.0356590660714285,0.0233892216342655,-0.1668641752257545,0.0313300999999999,0.035197353009584,-0.5539286518119312,-0.0828845,0.0581254112074413,-0.8958145553235294,-0.1897264,-0.0428857195686385,-0.1260846963681262,-0.1079345000000002,-0.0496540565602629,-0.5159772024424417,-0.2134977,-0.0164740018955489,-0.8560925045164677,-0.3243699000000002,-0.0514012061486586,0.3749123754669171,0.1099592999999998
-0.0077935869508442,-0.1468253908462934,-0.0365983999999999,0.0,0.0,0.0,0.0077935809810427,0.1468254237885869,0.0365984999999997,0.0159654834585414,0.2934662336558766,0.0734127,0.0305412674956791,0.283974605731966,0.1071542,0.0669283117827978,0.2602798876077824,0.1913882,-0.0536443630666023,0.0754451699131011,0.1500575999999998,-0.0911340828281784,0.2885711222196637,0.1448152,0.0013897041736407,0.3029578388738924,0.0396711999999999,-0.0349973499473999,0.3266525474082393,-0.0445628,0.0267867195160126,0.1026983241956844,-0.0570183369369371,0.0070194178126548,-0.142847002231774,-0.0398450080357142,0.0251028323270905,-0.166288570248178,0.0334661999999998,0.0343456897527291,-0.5533563421630404,-0.0812123000000002,0.0578871551534744,-0.8947741061924392,-0.1894672000000001,-0.0406899972244638,-0.1273622217639425,-0.1066630000000001,-0.0544650334969542,-0.5109429944997418,-0.2333728000000001,-0.0206232105767257,-0.843497502435285,-0.3645420000000001,-0.0550579148581404,0.3749712961328482,0.1067027999999998
-0.007803294563802,-0.1454264376334352,-0.0401792999999996,0.0,0.0,0.0,0.0078032999740257,0.1454264770617891,0.0401792000000003,0.0160367765095977,0.290599775330468,0.080956,0.03035841902682,0.2803374928938162,0.1143987000000001,0.0658777908948154,0.2548818048453036,0.1973696,-0.0523149772701311,0.0716940080736862,0.1492174000000004,-0.0857394551144345,0.2839605628805108,0.1524622,0.0017151392062421,0.3008620646276059,0.0475132,-0.0338042415819774,0.3263177434265947,-0.0354575999999999,0.003629702427903,0.0968252685273656,-0.0639400405405406,-0.0184297716911807,-0.1482381869571636,-0.0507284571428571,0.0252760001113081,-0.1663523113917485,0.0290744000000002,0.0358648535206838,-0.5547820733070826,-0.0821990999999999,0.0590761821424436,-0.8976373121630499,-0.1869926999999998,-0.0408825917967169,-0.1245005582122476,-0.1094328999999998,-0.0494730972561761,-0.5131469233962281,-0.2221180999999998,-0.0135556587906438,-0.8507401939582482,-0.3414721999999996,-0.0534006730250599,0.3719538181825913,0.1169698000000001
-0.0098955026158906,-0.1465661571678242,-0.0389234999999996,0.0,0.0,0.0,0.0098955038044078,0.146566135331962,0.0389235000000001,0.020347001667949,0.2928032491907339,0.0789695000000003,0.0338162919053613,0.282657702041352,0.1129923000000001,0.0678908108756264,0.2569914648952015,0.199036,-0.0595694420175713,0.0772739769657468,0.1431470000000003,-0.0799550887696324,0.2914655054434655,0.1866007,0.0068777228406892,0.3029488271891404,0.044947,-0.0271968053242262,0.3286150914069747,-0.0410966999999997,0.0552876636244553,0.109926700402846,-0.0484993171171173,0.0383414972019908,-0.1362116979543714,-0.0264499937499999,0.0210658434127993,-0.16720013687824,0.031832,0.0368944455640129,-0.5537387842113748,-0.0811421999999999,0.0613677838274156,-0.89555054051114,-0.1859777,-0.0408568491370589,-0.1259321819668691,-0.1096789999999998,-0.05355561099054,-0.505345191351083,-0.2453281999999998,-0.0206678637689562,-0.834552982564767,-0.3825174999999996,-0.0502964057977627,0.374304972541396,0.1156078000000002
-0.0083360597645537,-0.1463714366797932,-0.0363547999999998,0.0,0.0,0.0,0.0083360693812995,0.1463714610546646,0.0363546999999999,0.0169655489296648,0.2926101571952428,0.0733844000000001,0.0318569745687288,0.283280056973652,0.1068134,0.0688468828646608,0.260106443498144,0.1897818999999998,-0.0503123973617455,0.0752790025014895,0.1473993999999998,-0.0874938631835068,0.2874264077300933,0.1504986000000001,0.0020741325934417,0.3019402863207128,0.0399554000000001,-0.0349157818072397,0.3251138935414908,-0.0430131,0.0071923204414583,0.0977288155532608,-0.0628751630630632,-0.0145145117675137,-0.1474087739224883,-0.0490540803571428,0.0261411507134587,-0.1655557676190046,0.0327229,0.0350039653347006,-0.5536838497292716,-0.0834320000000001,0.0579182129311971,-0.8959705036983048,-0.1932185999999998,-0.0428132713025377,-0.1271870991388735,-0.1054325999999998,-0.0521619174598435,-0.5129021049513127,-0.2270696000000001,-0.018997249463787,-0.8476998626887596,-0.3540000999999999,-0.0530306752889995,0.3755536532249394,0.1068338999999998
-0.0096200724230369,-0.1465452545939616,-0.0374916,0.0,0.0,0.0,0.0096200685296245,0.1465452651169787,0.0374914999999997,0.019550115650255,0.2929360808606149,0.0754454,0.0336125042237835,0.283077848741741,0.1092767000000001,0.0688960460837041,0.2583443906864511,0.1941573000000001,-0.0616938674758574,0.0788421594661027,0.1527180999999999,-0.0740551219141695,0.2938027924119094,0.1762386999999998,0.0054877164931329,0.3027943330576139,0.0416142999999999,-0.0297958237061999,0.3275278234489154,-0.0432662999999999,0.0339119555431233,0.1045054182474748,-0.0548885819819821,0.0148499376599888,-0.1411881761624233,-0.0364962544642857,0.0231374985821487,-0.1668334812391486,0.0324312999999998,0.0348011206191076,-0.554597010473721,-0.0776563000000001,0.0586692567735522,-0.8969670187800494,-0.1805055000000002,-0.0423776306337685,-0.1262570344004094,-0.1074144999999999,-0.0511836179101199,-0.5152983974078371,-0.2171243,-0.0176047459228069,-0.8542961038945895,-0.3319699000000002,-0.0518764588427821,0.3752319334767764,0.1077075
-0.0081866327522279,-0.1468877519980476,-0.0378373999999999,0.0,0.0,0.0,0.0081866241796226,0.1468877720763707,0.0378370000000001,0.016709651222679,0.2936089156381243,0.0761074000000001,0.0310073703747007,0.2841268518154194,0.1098819999999998,0.0667108679023621,0.2604487312307465,0.1942456999999997,-0.0563649380023023,0.0760940303275669,0.1550853999999999,-0.0890026458743955,0.2904221207644639,0.1516009999999998,0.0024119261687568,0.3030909727241261,0.0423328,-0.0332915732050248,0.3267690860531669,-0.0420310000000001,0.0285680285227903,0.103150097708632,-0.0564858981981983,0.0089770477744883,-0.1424322957144363,-0.0390078196428571,0.0241393801445943,-0.1663794262732033,0.0323864,0.0346450997014457,-0.5547669644155114,-0.0761584000000001,0.0593154583599334,-0.8974313030660025,-0.1792760000000002,-0.0405126405259646,-0.1273960899561499,-0.1080611999999998,-0.0545835694704756,-0.5124150666612091,-0.2266059999999998,-0.0199597525171881,-0.8464152403999861,-0.3515470999999999,-0.0544706090734095,0.375914465763135,0.1099503999999997
-0.0117831022479965,-0.1725968868077605,-0.0189559000000003,0.0,0.0,0.0,0.0117831006320305,0.1725968978546179,0.0189559999999997,0.0232586040414265,0.345286970527241,0.0373413999999998,0.0523921384033019,0.3400934820200116,0.0696472999999997,0.1070154621182726,0.3303581713401778,0.1300711999999997,-0.0238620866432998,0.1798463502653209,0.0895759999999996,-0.0398077600577305,0.3535596261163935,0.1773335999999998,-0.0054650269253589,0.3506323053809431,0.0050353999999996,-0.0604982590725479,0.3602157997032665,-0.0553884,-0.0898298159139619,0.0846369743972922,-0.1348231655629139,-0.1617646708499928,-0.168359310315419,-0.1158393868421053,0.0473783340866882,-0.1835678776640417,0.0471391999999997,0.0821496418743357,-0.5643764329264969,-0.0899780000000003,0.1080955957388642,-0.9048109815714348,-0.2077036000000003,-0.0709445484519015,-0.1616258994132624,-0.0850509999999999,-0.0262120118304438,-0.5557315614713811,-0.1729979000000003,0.0096013986301482,-0.9072528780966312,-0.2479868,-0.0218072428142084,0.4671611543822004,0.0488181999999999
-0.0178637208383895,-0.1790080472108854,-0.0035305999999999,0.0,0.0,0.0,0.0178637215968647,0.1790080294340185,0.0035304000000002,0.0340652262237511,0.3582079808779446,0.0047943000000003,0.0643313944759489,0.3552755926479051,0.0383643,0.1160598139977651,0.3502569035186511,0.0956670000000001,0.0069423950953425,0.1709736282981191,0.0477785000000001,-0.0357678669285054,0.3561592064569027,0.1326819999999999,0.0044904164444137,0.3609776745639659,-0.0287755,-0.0479293900496787,0.3661590334070678,-0.0860781999999997,-0.1036221549695327,0.0814928367853366,-0.1075133708609272,-0.1828569308235718,-0.1788984103022173,-0.0888396868421054,0.040603739108205,-0.1862215664911697,0.0642056000000002,0.076164098369128,-0.5596700880581728,-0.0836812,0.1029274461227627,-0.893672186277994,-0.211252,-0.0763311682560597,-0.171794507626159,-0.0712666999999998,-0.0345775641366119,-0.5608982064576167,-0.1725771999999996,0.0011623441676648,-0.9072556676764194,-0.2618975999999997,-0.0124588628071551,0.4843019182305133,0.0158770000000001
-0.0119452927175113,-0.1739092903380316,-0.0182413999999999,0.0,0.0,0.0,0.0119452977131714,0.1739092762745679,0.0182413000000001,0.0233091574096148,0.3479624132592894,0.0354309000000001,0.0547694840842109,0.3428847251680332,0.0660410000000002,0.110159288495709,0.3339479697070001,0.1195726000000001,-0.014059272689112,0.1845502298500946,0.0782433,-0.0448129100155773,0.346267906324728,0.1688141,-0.0083552072448805,0.35295323083636,0.0048208,-0.0635409702084085,0.3619768571724448,-0.0487108999999996,-0.0909186847867701,0.0843887530068746,-0.1326671291390729,-0.1634298492689596,-0.1691913445249031,-0.1137078315789474,0.0499055433691214,-0.1848075244660489,0.0451965000000003,0.08268177263443,-0.5657511789913873,-0.0950574999999998,0.1068547017540173,-0.9063979400998272,-0.2152650999999998,-0.0737961351567078,-0.1630110539945213,-0.0816793999999996,-0.0281196430319836,-0.5548217025456454,-0.1804139999999998,0.0088434946441871,-0.9043341132976888,-0.2649698999999996,-0.0134365663548635,0.4741874024905435,0.0434383
-0.0096997340391848,-0.1464316466753416,-0.0388027000000001,0.0,0.0,0.0,0.0096997308166568,0.1464316262633279,0.0388029999999997,0.0198492655316815,0.2925923728167992,0.0785988999999998,0.032441775772151,0.2824521082674266,0.1129277999999995,0.0643883045743806,0.2567275344018951,0.2000153999999998,-0.0539122155622068,0.0710874460844455,0.1457515999999996,-0.0961194027951382,0.2846267096590306,0.1268823999999999,0.0072567550468079,0.3027326204583567,0.0442699999999995,-0.0246897727840219,0.3284571889460971,-0.0428177,0.0445998095837893,0.1072160593251604,-0.0516939495495497,0.0265957174309898,-0.1386999370583974,-0.0314731241071428,0.0197351833343678,-0.1671617594038432,0.0325489999999999,0.0353041430700989,-0.5520287065640173,-0.086735,0.0574263538356476,-0.8927602764936664,-0.1956860000000002,-0.0391346520361441,-0.1257015355963435,-0.1101545000000001,-0.0587288787601487,-0.5101481002689794,-0.2316407000000002,-0.0195813927118248,-0.8427680634818006,-0.3606566,-0.051122861348741,0.3744105811099989,0.1141987999999996
-0.0156300079719909,-0.1812351493985948,-0.0008264000000002,0.0,0.0,0.0,0.0156299975180786,0.1812351461907652,0.0008262999999999,0.0299440106802028,0.3625959949248865,-0.0005635999999999,0.0573054655682627,0.3603841578840263,0.0357430999999999,0.1050194901877277,0.3565556878875094,0.0997637999999998,-0.0222568516057088,0.1565166320059092,0.1254607999999999,-0.0371090081091189,0.3785698818720595,0.0862026,0.0031454003712507,0.364666105178811,-0.0368705,-0.0451314733223717,0.3686362872912924,-0.1008911000000001,-0.0989037231873637,0.0825684628104793,-0.1168561953642384,-0.1756411576747158,-0.1752929287277863,-0.0980764263157896,0.0372273995976477,-0.1868590580993542,0.0704758,0.0746421856768101,-0.5519819678061659,-0.1010482999999999,0.1025901594103014,-0.8787849473906494,-0.2495332000000001,-0.0684874078018154,-0.1756112602194026,-0.0721286000000001,-0.0215450368992981,-0.5617425469722628,-0.1832422999999998,0.0157659623953256,-0.9062105746190589,-0.2795274000000001,-0.0242054576169382,0.4875433276066681,0.0085844999999999
-0.0179050879539858,-0.1781075605574176,-0.0082249999999999,0.0,0.0,0.0,0.01790509017611,0.178107552035533,0.0082250000000003,0.0348508563423315,0.356358290625978,0.0146968000000002,0.0645931101410964,0.3526395663415291,0.0474539000000002,0.113096640817974,0.3466306350648317,0.1002872000000003,-0.0041001951355399,0.1773082932850121,0.0551447,-0.048770626854156,0.3545547231813302,0.1465037000000002,0.0044525522985805,0.3602505143256593,-0.0180603999999999,-0.0433949395610305,0.3660859577681604,-0.0708937999999999,-0.0981778106054916,0.0827339437374243,-0.1182935529801325,-0.1745310387287379,-0.1747382392547969,-0.0994974631578948,0.0389965148001756,-0.1862405326264566,0.0568223000000003,0.0729031300410208,-0.5581294497209186,-0.1017367999999998,0.097872938018166,-0.8909290969950014,-0.2384116999999999,-0.0748066951114163,-0.1699745951177325,-0.0732722999999997,-0.0268903031100864,-0.5612878622471394,-0.1730382999999999,0.0123352725542323,-0.9102300053643002,-0.2587863999999999,-0.0199251456028646,0.4785466798417159,0.0255904
-0.0182313433030737,-0.1839450282986977,-0.0111769000000001,0.0,0.0,0.0,0.0182313363510698,0.1839450330403578,0.0111767999999998,0.0356747036885665,0.3680637125507575,0.0208551999999997,0.0648535764559694,0.3633972490906774,0.0565777,0.1160586004477038,0.3551973458661831,0.1193224000000001,-0.0142314835767671,0.1884513999247366,0.0681821999999998,-0.059033428353071,0.3560937758089902,0.1896993999999998,0.0063585976557467,0.3727952549297528,-0.0148673000000001,-0.0447091917992992,0.3809300769004496,-0.0776121999999999,-0.1018073735148523,0.0819065391026992,-0.1111067649006623,-0.1800816334586271,-0.1775116866197438,-0.0923922789473685,0.0381931361356757,-0.1940606598907296,0.0612726000000001,0.0733842264736776,-0.5637738469378865,-0.0907243000000002,0.0991432381427434,-0.8945423781525863,-0.2217975999999999,-0.0746558276012789,-0.1738294066221012,-0.0836263000000001,-0.0285096182513838,-0.563807813519554,-0.1702807000000001,0.0086242899946427,-0.9115632467360292,-0.2437431999999999,-0.0171038047353874,0.4957506885204431,0.0343227000000001
-0.0090654090924972,-0.1463538416087418,-0.0390185,0.0,0.0,0.0,0.0090654083958795,0.1463538372508371,0.0390186999999997,0.0185163653085753,0.2925311281178025,0.0786747999999999,0.0333688527873902,0.2827134204293853,0.1120698999999998,0.0704253466996055,0.2582186145557759,0.1953787999999998,-0.0489461495641637,0.0750954737550861,0.1432864999999998,-0.0867349012508054,0.2872210003943596,0.1560289999999997,0.0036638902241916,0.3023488481376729,0.0452797999999998,-0.0333926145575547,0.3268436529646231,-0.0380291999999999,0.0214427924956796,0.1013430036568416,-0.0586156531531533,0.0011465279271543,-0.144091121783787,-0.0423565732142857,0.0251792839091606,-0.166491962805992,0.0300289,0.0325975283997301,-0.5504327890617493,-0.0951770999999999,0.0529752299020826,-0.8891305253102395,-0.2128535,-0.0433100967637119,-0.1262157133149748,-0.108066,-0.0546321033226869,-0.5088859406477421,-0.2377115999999999,-0.0233974084919982,-0.8410544800071902,-0.3714957000000001,-0.0531459057971342,0.3723889746192037,0.1164188999999997
-0.0152321481366484,-0.1756435751522888,-0.0056031,0.0,0.0,0.0,0.0152321524606288,0.1756435726783431,0.0056030000000002,0.0296541605079955,0.3513926957653741,0.0099925999999999,0.0640699683026956,0.3478571952696342,0.0374012000000001,0.1216593240301632,0.3419417284249608,0.0833045999999999,-0.0010758155242565,0.1944549660870238,0.0517018,-0.0388585943852944,0.3341650927820646,0.1693418000000002,-0.007725937642551,0.356156020479696,-0.0112461999999999,-0.0623509824552256,0.360843615727746,-0.0633192,-0.0945482476961308,0.0835613483721495,-0.1254803410596027,-0.1689804439988488,-0.17196479188985,-0.1066026473684211,0.0503692999082894,-0.1831604884230654,0.0501152,0.0843058913703077,-0.5617480238287762,-0.0944157999999997,0.1096732357294495,-0.9006720845339697,-0.2174503999999997,-0.0808335876837021,-0.1681266603424985,-0.0613215,-0.0308417129294591,-0.5562431013657101,-0.1712777999999999,0.0100312850906206,-0.902798172034212,-0.2649833999999997,-0.0089327658435034,0.4780359183270471,0.0102350000000002
-0.0144379079409569,-0.1825978073221174,-0.0020782999999999,0.0,0.0,0.0,0.0144378958338928,0.1825978046254193,0.0020782999999999,0.0274375462888434,0.3653358727331987,0.0013835000000002,0.0523975333849993,0.3635134027640699,0.0399633999999999,0.0972706306114905,0.3601985274909716,0.1096587000000002,-0.0316047539695319,0.149954151627502,0.1451223000000001,-0.0348253444807721,0.3883261850412397,0.0953644000000002,0.0025083186707034,0.3671545433367025,-0.0371961999999999,-0.0423955425144426,0.3704731978520016,-0.1068913999999998,-0.0992666794782998,0.0824857223470068,-0.1161375165562914,-0.1761962171477047,-0.175570273464281,-0.0973659078947369,0.0339683322464084,-0.1876916157025911,0.0742118,0.0731047747142619,-0.5520192240133637,-0.0926692999999998,0.1023619917547321,-0.8780003940928943,-0.2376489999999997,-0.0628441400811787,-0.1775040098706838,-0.0783684,-0.0206111453810191,-0.5636491476466041,-0.1832487999999998,0.0138061574796904,-0.9077911715639136,-0.2745446,-0.0270989710128341,0.4912916480228606,0.0077319
-0.0182112038311468,-0.1789887901537069,0.0002743,0.0,0.0,0.0,0.0182111943482814,0.1789887844459292,-0.0002740000000001,0.0347271991637758,0.3581146129289869,-0.0036022,0.0632503897775404,0.3560879645159043,0.0307190999999997,0.1136563735455273,0.352540708958819,0.091196,0.0052881080420295,0.1680030020322799,0.0696859999999999,-0.0347139589818773,0.364070431371271,0.1242527,0.0060640418864986,0.3602480714125009,-0.03565645,-0.0442019791465376,0.3636885090312344,-0.0984003000000002,-0.1043480675514048,0.0813273558583916,-0.1060760132450331,-0.1839670497695496,-0.1794530997752066,-0.0874186500000001,0.0372839167556017,-0.1845038723162567,0.0690923999999997,0.0720182116895803,-0.5546034541290432,-0.091847,0.0975011866025576,-0.885815049623401,-0.2305502000000001,-0.0737063187956446,-0.1734737013785501,-0.0685438,-0.029935241199236,-0.561192346361248,-0.1782538000000002,0.006477126877441,-0.9066095662212196,-0.2735760000000002,-0.0144112161215516,0.4835004117295344,0.0035623
-0.0187578513558602,-0.1820476335208833,-0.0073281,0.0,0.0,0.0,0.0187578492595957,0.1820476269824777,0.0073280000000002,0.0364938330538506,0.3642557233027286,0.0128827,0.0680753742648731,0.3601499577632422,0.0458308999999999,0.1221916046996647,0.3531194149862364,0.1020278999999999,0.008558121334058,0.1741198543923687,0.0545721999999999,-0.0433731904951939,0.3563096720112544,0.1312606,0.0049542329894197,0.3682157088098533,-0.0200656000000001,-0.0492039321615873,0.3753920086342147,-0.0762624999999999,-0.1025332860967244,0.0817410581757541,-0.1096694072847682,-0.181191752404605,-0.1780663760927332,-0.0909712421052633,0.0430995066416548,-0.191109396468591,0.0594953999999998,0.0781653508207117,-0.5637228747022013,-0.0872226,0.1038701210980148,-0.897252024862679,-0.2126494000000001,-0.0806152050787541,-0.1729858587531199,-0.0741515000000001,-0.0322080261344901,-0.5631654053555941,-0.1565338,0.004849763088079,-0.9116478542302916,-0.2250480999999999,-0.0098252253889452,0.4928405908107864,0.0248878000000001
-0.0102171107804567,-0.1464250284652513,-0.0367102999999997,0.0,0.0,0.0,0.0102171069968748,0.1464250269753214,0.0367103000000001,0.0208018801067712,0.2926873475844878,0.0738292,0.0353091128420741,0.2829938635125096,0.1074250000000001,0.0714954082809923,0.2588151298688391,0.1912384999999998,-0.0493667409142387,0.0754142191679615,0.1468845,-0.0839480064366367,0.2881726128811652,0.1533050999999998,0.0062946603702444,0.3023808210064534,0.0402331,-0.0298916343549222,0.3265595374832183,-0.0435802999999999,0.0178801744821243,0.1004394566309464,-0.0596805306306307,-0.0027687319965126,-0.1449205348184623,-0.04403095,0.0238119961191501,-0.1663329663383995,0.0324903,0.0327196850347491,-0.5521047631840467,-0.0884111,0.0540597184366073,-0.8925588288138616,-0.2015647999999998,-0.0442462261711461,-0.1265170904256476,-0.1059107999999997,-0.0525678464052035,-0.5118375152894657,-0.2271644999999997,-0.0229767938951225,-0.8476031257654928,-0.3507638000000002,-0.0510186434141374,0.3734671968062935,0.1083231000000002
-0.0094396719857048,-0.1462116748853038,-0.0410702,0.0,0.0,0.0,0.009439672439252,0.1462116851870259,0.0410702,0.0193585780932419,0.2921566145957045,0.0830934000000001,0.0329231441158404,0.2814945326241553,0.117064,0.0678870272560598,0.2540174633755264,0.2045748,-0.0573887691960591,0.0720305443837389,0.1501274000000001,-0.0785917259905222,0.289043433552181,0.1676302,0.0057940144941282,0.3028186830395967,0.0491226,-0.029169868881772,0.3302957534968594,-0.0383882999999998,0.0695381356786766,0.1135408885064268,-0.0442398072072074,0.0540025368966589,-0.1328940458156701,-0.0197524866071428,0.0228655474037875,-0.1680846068614278,0.0295157000000001,0.03855864902293,-0.5508011672220495,-0.0866262999999998,0.0580056082038721,-0.8900309623650242,-0.1917371999999999,-0.0417448919149087,-0.1243387448078867,-0.1116562000000001,-0.0520625837440754,-0.5065670490641188,-0.2314286000000001,-0.0174831860127514,-0.8383710051373784,-0.3556125999999997,-0.0518237781619025,0.3731811809721498,0.1202659999999999
-0.0192257465374052,-0.1769490689443219,-0.0095289000000002,0.0,0.0,0.0,0.0192257556035161,0.1769490656487003,0.0095288999999998,0.0376617284831694,0.354045233814618,0.0177331,0.0670306094739109,0.3498135146124108,0.0511436,0.1137665003485443,0.3430718549481732,0.1038038999999999,0.0017993903219295,0.1857558567821541,0.0551282999999998,-0.0499623618987997,0.3460788234347682,0.1637680000000001,0.0076472544729126,0.3583995291842356,-0.0156776999999999,-0.0384430443442165,0.3650186260063627,-0.0683378999999999,-0.0978148543145555,0.0828166842008968,-0.1190122317880795,-0.1739759792557491,-0.1744608945183022,-0.1002079815789475,0.0365939268585947,-0.1859123827318462,0.0569847000000001,0.0705659922024745,-0.562591373678304,-0.0922585000000002,0.0954421360573005,-0.8995327958877477,-0.2208375,-0.0750454341896889,-0.1679857570747922,-0.0760425000000002,-0.0290017944168334,-0.5626796778135797,-0.1624338999999999,0.0088849783396893,-0.9144720900951204,-0.2365186000000001,-0.0178459881352155,0.4751630157587354,0.0271675
-0.0166761149820669,-0.1796272444149793,-0.0039961000000001,0.0,0.0,0.0,0.0166761120767765,0.179627240635055,0.0039961999999995,0.032212659489612,0.3593848750746322,0.0057208999999995,0.0613429257879606,0.3564418313523277,0.0397004999999999,0.1104161987806364,0.3515594250817072,0.0970554999999997,-0.0125471533265188,0.1667577054244077,0.0848102999999995,-0.0433073358579938,0.3661316682855277,0.1079373999999999,0.0032131802253583,0.3622881135117591,-0.0282588000000001,-0.0459908867405682,0.3672103076745726,-0.0856137000000001,-0.0985407668964276,0.0826512032739518,-0.1175748741721855,-0.1750860982017269,-0.1750155839912916,-0.0987869447368422,0.0393420018624979,-0.1864444157118192,0.0629494999999997,0.0745943964644884,-0.5541885308880335,-0.1068075000000003,0.1007734685570194,-0.8833566061339037,-0.2534554000000004,-0.0726942302759459,-0.1728100884308018,-0.0709416000000002,-0.0241051582109755,-0.5609279982219779,-0.1812062000000001,0.0149245985249939,-0.9071792098359158,-0.2763629000000001,-0.0219809970445413,0.4829712663023246,0.0162615999999999
-0.0093571610039434,-0.1470759651658,-0.0340585999999998,0.0,0.0,0.0,0.0093571554142615,0.147075910202059,0.0340586000000002,0.0190636325845674,0.294005555720392,0.0687134,0.0338031895852245,0.2851704294865493,0.1023414000000002,0.0705621783092558,0.2631355114276542,0.1862114000000003,-0.0477470953446012,0.0771016980463423,0.1448731000000003,-0.0875154082190964,0.2888751906344577,0.1396937,0.0043240865864059,0.30284064714731,0.0350854000000002,-0.032434908410068,0.3248755638395202,-0.0487845,0.0125362474617913,0.0990841360921036,-0.0612778468468469,-0.0086416218820132,-0.1461646543704753,-0.0465425151785714,0.0250764074277226,-0.1652138732258846,0.0353153000000001,0.0347931042390813,-0.5540154640095493,-0.0740229999999999,0.0570039015098658,-0.8972188989852034,-0.177362,-0.043790735416421,-0.1289380578219702,-0.1034322999999997,-0.051282106226246,-0.5138921108512288,-0.2280112999999999,-0.0211610639109796,-0.8490402473733707,-0.3553869999999999,-0.0519149686779982,0.3765999113284358,0.1007637000000003
-0.0113790053378275,-0.1746939825568561,-0.0108962000000003,0.0,0.0,0.0,0.0113790016237062,0.1746939856709337,0.0108962999999997,0.0224545286673637,0.3494528443557336,0.0209844999999999,0.0568781731684857,0.3456593237318451,0.0476479999999996,0.116068104211719,0.3391431658173613,0.0936360999999998,0.0004623290410274,0.1833290302540449,0.0660095999999996,-0.0279727955720179,0.3324672132527191,0.1795032999999999,-0.0113919361195351,0.3532600099873321,-0.0056791,-0.0711590437550106,0.3597624740099041,-0.0516672000000002,-0.0920075536595783,0.0841405316164571,-0.1305110927152318,-0.1650950276879263,-0.1700233787343872,-0.1115762763157895,0.055042541798828,-0.1826550842269135,0.0453908999999996,0.0832750407845713,-0.5635786138891256,-0.0939273000000002,0.1036683259611111,-0.9043980417353592,-0.2124271000000002,-0.0778005561318401,-0.1667328853369079,-0.0671832000000001,-0.033160631851337,-0.553201907213868,-0.1888401000000001,0.002871203182301,-0.8983841896389192,-0.292767,-0.010899302581636,0.4765062632517351,0.0224387999999997
-0.0181101761149591,-0.1790509514723421,0.0015005999999999,0.0,0.0,0.0,0.0181101660556266,0.1790509533098723,-0.0015006999999997,0.0346428502806235,0.358220767681346,-0.005754,0.0630572105672693,0.3562849796589645,0.0292332000000001,0.1141605092238707,0.35281038676584,0.0931000000000001,0.0126378301957876,0.163110183487255,0.0906255000000002,-0.0388795317487936,0.3592287268952119,0.1220622000000002,0.0054191809601519,0.360331277509775,-0.0391213999999999,-0.0448748270409668,0.3636311621170704,-0.1046081,-0.1047110238423409,0.081244615394919,-0.1053573344370861,-0.1845221092425386,-0.1797304445117014,-0.0867081315789475,0.0377384953412605,-0.1843265787255737,0.0713086,0.0708240091259021,-0.5539425437121177,-0.0925522999999999,0.0945544025637557,-0.8848469007519744,-0.2337282999999996,-0.0739588391044276,-0.1737753258365742,-0.0683073999999996,-0.0296438068023392,-0.562315302434343,-0.1709242999999998,0.0063302269755581,-0.908732369038628,-0.2592411999999999,-0.0160180172404417,0.4830925120607209,0.0045681000000001
-0.0138833916061251,-0.1768155451820676,-0.0081085999999999,0.0,0.0,0.0,0.0138833955437104,0.176815547729376,0.0081086000000003,0.0267076529782242,0.3537671814484013,0.0149569,0.0623611428666307,0.3501710370247883,0.0411598000000004,0.1214721754013452,0.3442117672110253,0.0845830000000003,-0.0010113002922208,0.1961058419948773,0.0554979000000002,-0.0374889050073301,0.3333040433042993,0.1722162000000002,-0.0106651434436516,0.358190431326942,-0.0112461999999999,-0.0680568428170931,0.3633225808956431,-0.0546693999999998,-0.0949112039870669,0.0834786079086769,-0.1247616622516556,-0.1695355034718377,-0.1722421366263447,-0.1058921289473685,0.0533839078252215,-0.1845698015852702,0.0453517000000003,0.0853023980871781,-0.5598514885841567,-0.1075385999999998,0.109210668601032,-0.895897922082587,-0.2381126,-0.0811506798422583,-0.1690612862209924,-0.0615689999999999,-0.0298732104218397,-0.5551857746129747,-0.1773018999999998,0.0121928721186984,-0.900091872657174,-0.2759136,-0.013654620382802,0.4807187560519934,0.0178733000000002
-0.0166554241363886,-0.1843039042563842,-0.0143679999999997,0.0,0.0,0.0,0.0166554184338312,0.1843039019264284,0.0143680999999999,0.0325205451269965,0.3688189040288543,0.0267002999999999,0.0595754769352681,0.3640346100583279,0.0639989,0.1076638878580525,0.3555106555135258,0.1306524000000002,-0.0260693774164883,0.1900390991058207,0.0810731000000002,-0.0698753132905315,0.3581467054292398,0.2171636000000001,0.0054283509026704,0.3736608789944009,-0.0105984000000001,-0.0426228033500905,0.3821271548884689,-0.0772518999999998,-0.1014444172239162,0.0819892795661717,-0.1118254437086093,-0.1795265739856383,-0.1772343418832491,-0.0931027973684212,0.0350672099323319,-0.1947583130842657,0.0612520999999999,0.0701471093947266,-0.5640921056005082,-0.0915306,0.0959296595340332,-0.8942941816995572,-0.2239879999999998,-0.0683780670703019,-0.1738495091461361,-0.0899882,-0.028653697153943,-0.5648821587828915,-0.1722655999999998,0.0069114162520055,-0.9126214589371212,-0.2447380999999997,-0.0244180050840293,0.4951248824121698,0.0393391000000002
-0.0115479456529816,-0.1745655887459583,-0.0144700000000002,0.0,0.0,0.0,0.0115479414406203,0.174565583993378,0.0144701,0.0227170179858608,0.3492260952458592,0.0280496999999999,0.0560498557763972,0.344944445381237,0.0561077999999999,0.113603976103777,0.3375600447694123,0.1046293,-0.004004530267676,0.183877552235788,0.0716159999999996,-0.0352778581312579,0.3349071465257673,0.1816453999999998,-0.0107777285571375,0.3537011436701146,-8.000000000230045e-06,-0.0681699321875385,0.360892113136407,-0.0485296000000001,-0.0916445973686422,0.0842232720799296,-0.1312297715231788,-0.1645399682149374,-0.1697460339978925,-0.1122867947368422,0.0530295751690816,-0.1836437654555179,0.0444909999999998,0.0826755909819329,-0.5642643364811287,-0.0950405,0.1041638933802921,-0.9047612499332806,-0.2139601,-0.0761254701008419,-0.1654874161869149,-0.0734312000000003,-0.0316042332219625,-0.5534493112113766,-0.1864090000000002,0.0044195211931037,-0.8997716636148285,-0.2831735000000002,-0.0115403337207409,0.4763327463286704,0.0298414999999998
-0.0086703786042411,-0.1467130951414912,-0.0348685000000004,0.0,0.0,0.0,0.0086703859042444,0.1467130955519052,0.0348684999999999,0.0176333157840832,0.2933067394298851,0.0699621999999999,0.0326019940532937,0.2842717307603907,0.1034924999999997,0.069837601512942,0.2617976916412465,0.1869535,-0.0491020106521584,0.0764954415867931,0.1451491999999996,-0.0883423431685116,0.2882641917380411,0.1472344999999997,0.0026646475780702,0.3023417611631389,0.0364321999999996,-0.0345709685384137,0.3248157966694703,-0.0470288,0.008973629448236,0.0981805890662084,-0.0623427243243244,-0.0125568818056802,-0.1469940674051506,-0.0482168919642857,0.0260307739125178,-0.1653097000793167,0.0342506999999998,0.0347696588864064,-0.5535966565026452,-0.0810774000000003,0.0574266710467049,-0.8960544371635959,-0.1902137000000001,-0.0433715300126657,-0.1281164834171829,-0.1039877000000002,-0.0532750652809055,-0.5127795100660895,-0.2301820000000001,-0.0210069921234242,-0.8466402489608316,-0.3610228000000002,-0.0527711182487819,0.3762454865106165,0.1013657999999999
-0.0089849920842879,-0.1469615755832884,-0.0343143999999999,0.0,0.0,0.0,0.0089849926838859,0.1469615462004071,0.0343143999999999,0.0183120544473464,0.2937767827518215,0.0690140000000001,0.0332161535282894,0.284902794176443,0.102551,0.0703455760220481,0.2627953071914241,0.1861296000000001,-0.0480428408490529,0.076996724603844,0.1445943999999999,-0.0884740468039169,0.2885982146246522,0.1453204000000001,0.0034079664391766,0.3026507608572215,0.0354771,-0.0337214653165362,0.3247582475071324,-0.0481013999999997,0.0107549384550136,0.098632362579156,-0.0618102855855857,-0.0105992518438467,-0.146579360887813,-0.0473797035714285,0.0256554657565906,-0.1651755391479986,0.0349686,0.0348697514595532,-0.5538431355677775,-0.0752186999999997,0.0573110740239892,-0.8967811043085693,-0.1798221999999998,-0.0436254510146155,-0.1287476103817991,-0.1035973999999999,-0.0526930918297901,-0.513304368508323,-0.2290101,-0.021373563689259,-0.8474620381044863,-0.3584345,-0.0524350889521772,0.3764315354207158,0.1005308
-0.0102184153536944,-0.1467851904720883,-0.0372343000000001,0.0,0.0,0.0,0.0102184158489174,0.1467851515297545,0.0372341999999998,0.0210468954636639,0.2932179306834868,0.0758705000000001,0.0346460815917433,0.2832156719240962,0.1099033,0.0690725200402121,0.257895945557008,0.1961151999999999,-0.0560406015851004,0.0759787178801044,0.1443405000000002,-0.0847860471661849,0.2897453814604986,0.1637121999999999,0.0074477229516836,0.3032202176926193,0.0418376999999998,-0.0269787251881747,0.3285399642266614,-0.0443742,0.057068972631233,0.1103784739157937,-0.0479668783783786,0.0402991271638243,-0.1357969914370337,-0.0256128053571428,0.0208998401788031,-0.1670792115311202,0.0336734999999999,0.0362876873430032,-0.5525718346765417,-0.0822487999999999,0.0609079217227866,-0.893328192860665,-0.1899467000000001,-0.041336670632025,-0.1264911717585864,-0.1081420999999998,-0.0528184820721597,-0.5042809414402588,-0.2475605,-0.022249305604592,-0.8325775781238355,-0.3873647999999998,-0.0501455735268943,0.3744990359105893,0.1120355000000001
-0.0178664455935638,-0.1796442623431758,-0.0050149999999997,0.0,0.0,0.0,0.0178664457747487,0.1796442382939621,0.0050150000000002,0.0342744234165896,0.3594779546484097,0.0078909999999998,0.0654547545466347,0.3560986387724486,0.0400713000000001,0.1182164750553678,0.3503704551180207,0.095021,0.0120776105227366,0.1706597199280101,0.0504294,-0.0383182548991829,0.3540858783340433,0.1334453,0.0036398532865665,0.3626123284267424,-0.0287755,-0.0496676510331731,0.3685854314112351,-0.0792389,-0.1032591986785966,0.0815755772488091,-0.1082320496688742,-0.1823018713505828,-0.1786210655657226,-0.089550205263158,0.0427621825658012,-0.1875668448726611,0.0603766999999999,0.0780133596576972,-0.5621888236006872,-0.0871243000000001,0.1044050202983353,-0.8972924326203684,-0.2140263999999998,-0.0784950597275144,-0.1717216596598574,-0.0704063999999999,-0.0355475747953277,-0.5619772031250015,-0.1646763999999998,0.0005496484825414,-0.9095973657860252,-0.2462722999999997,-0.011091672530291,0.4864133248052123,0.0158770000000001
-0.0163034660260693,-0.1742588936379496,-0.0018397000000001,0.0,0.0,0.0,0.0163034807715572,0.1742588892577187,0.0018395999999998,0.0321385676048616,0.348570907529968,0.0028256999999998,0.065139225730963,0.3453273069322752,0.0313843999999998,0.1209250190075185,0.339845384590214,0.0797406999999998,5.263020646582275e-05,0.1913290276133838,0.0489770999999996,-0.0398658067512057,0.3368767761904482,0.1627932999999997,-0.0017232642265974,0.3524391877034965,-0.0257327000000002,-0.0566478786788406,0.3572963857592878,-0.0740891000000001,-0.0938223351142587,0.0837268292990945,-0.1269176986754967,-0.167870325052871,-0.1714101024168606,-0.1080236842105264,0.0470588866598368,-0.1809954799704264,0.0566322999999999,0.0805965207252687,-0.5647553265119141,-0.0747390000000001,0.1052944287194826,-0.9080835251717486,-0.1861535,-0.0796658153529089,-0.1675223078260176,-0.0603117000000001,-0.0339156876241153,-0.5581936934854862,-0.1671057,0.0030625440365342,-0.9068862106514204,-0.2582009000000003,-0.0015977871557193,0.4752200285903917,0.0015369999999998
-0.0148598724147776,-0.1787321471680536,-0.0058449999999998,0.0,0.0,0.0,0.0148598797043309,0.1787321271721197,0.0058451999999999,0.0284343016907999,0.3576105576949727,0.0101284999999999,0.0631078045101498,0.3544218497120013,0.0384439000000003,0.1191400076336981,0.3492638419094563,0.0841102,0.0107038618846226,0.1926224598822734,0.0399218000000001,-0.0399021522077036,0.3385780679286009,0.1494499,-0.0024513708168401,0.3597190884822104,-0.0194876999999997,-0.0622714076408588,0.3659573137466007,-0.0638531999999996,-0.0960000728598751,0.0832303865182594,-0.1226056258278146,-0.1712006818908045,-0.1730741708358288,-0.1037605736842106,0.0487375754184836,-0.1857178305814041,0.0523782000000001,0.0764866692567612,-0.5608624492271417,-0.0987895999999999,0.0965140363099305,-0.8965929525858102,-0.2283377999999998,-0.0784573180455704,-0.1717464546985841,-0.0640682999999997,-0.0326852268109097,-0.5594724650632477,-0.1743698,0.0043316864764949,-0.9056338977164516,-0.2685684999999997,-0.0167474730871078,0.484341957552005,0.0152166
-0.0102946262125001,-0.1470938976102538,-0.0363177999999999,0.0,0.0,0.0,0.0102946287030939,0.147093862545291,0.0363179000000002,0.0211830205225155,0.2938701145021933,0.0737402999999998,0.034733122263773,0.2841566523153742,0.1078101,0.0691207081389108,0.2595086735939201,0.1942902000000002,-0.0504693342278492,0.0736581553819961,0.1459861,-0.0888290847416121,0.2878891051043597,0.1354711000000001,0.0076329310577978,0.3035835555262628,0.0396703,-0.0267546682716345,0.3282315535261457,-0.0468098999999999,0.0606315906447883,0.1112820209416889,-0.0469020009009011,0.0442143870874913,-0.1349675784023584,-0.0239384285714285,0.0209166233456368,-0.166844965253688,0.0346451,0.0360868415805138,-0.5496224196220572,-0.0869588000000001,0.0594776153439448,-0.8880850913412466,-0.1982764999999999,-0.0415058736093494,-0.1273428347031294,-0.1072807,-0.0511367236963092,-0.5046863040046967,-0.2450353999999999,-0.0223761019402039,-0.8332635358039535,-0.3820478999999999,-0.0503407932213666,0.3752736140349771,0.1088727
-0.0192833420425067,-0.1774334033855119,-0.0028524,0.0,0.0,0.0,0.019283355563811,0.1774333845966957,0.0028524999999999,0.0377782733892301,0.3549721580363569,0.0040295000000001,0.0679175723449521,0.3514525361880103,0.0368309,0.115780865052875,0.3458771279812384,0.0890110000000001,0.0126188067728743,0.1937971332555923,0.0341179999999998,-0.0418492142504848,0.3411273108774384,0.1241395999999999,0.0104038603260729,0.3578685367354499,-0.0287717999999999,-0.0402243357318624,0.3640672111523879,-0.0809517999999998,-0.0967259854417473,0.0830649055913144,-0.1211682682119205,-0.1723108008367823,-0.1736288603088181,-0.1023395368421054,0.0362139977264148,-0.1847949829563517,0.0631737999999999,0.0699156203628265,-0.5657909749841509,-0.0765104,0.0944365180745876,-0.9064659978455542,-0.1962196999999998,-0.0747806964102278,-0.170071821931072,-0.0688786000000001,-0.0326675065042473,-0.5650436622387238,-0.1588454000000001,0.0009719355453035,-0.9171896603631752,-0.2358218999999999,-0.0136490400699335,0.4783209440184455,0.0088881999999999
-0.0091003653118735,-0.1463149359827108,-0.0387417999999999,0.0,0.0,0.0,0.0091003668304702,0.1463149454774927,0.0387417999999999,0.0185757978079828,0.2924145854918337,0.0781828999999998,0.0313010959748438,0.2822220168167895,0.1124363999999999,0.0634908679174523,0.2564376605133815,0.1990943999999999,-0.0602636167738866,0.0739386570910568,0.1511393999999999,-0.0822564055425091,0.2887224159949175,0.1467167999999996,0.0058504948260216,0.3026071332946175,0.0439295999999997,-0.026339282184412,0.3283915171474829,-0.0427284000000001,0.0499437366041223,0.1085713798640033,-0.0500966333333335,0.0324686073164903,-0.1374558175063844,-0.0289615589285714,0.0208887524051663,-0.1672405802943556,0.0323267,0.0376970210218122,-0.5526017776502169,-0.0837422000000001,0.0592290741167021,-0.8940466301604029,-0.1891348000000001,-0.0390894689652672,-0.1253892949551483,-0.1098104000000002,-0.0555324156970578,-0.5094542235968037,-0.2297778000000003,-0.0170782333214314,-0.8418930204821748,-0.3568578000000002,-0.0517185949728904,0.3738182795492324,0.1149896999999997
-0.0096149844503282,-0.147413164581736,-0.0369163000000001,0.0,0.0,0.0,0.0096149836532252,0.1474131615888423,0.0369161999999998,0.0196250698568315,0.2946113479934409,0.0743561000000001,0.0321758889204131,0.2849257175053089,0.108921,0.0646382882177263,0.2598747094326737,0.1982968,-0.0610481722964315,0.0750082920078623,0.1487447999999998,-0.0848628376025516,0.2933816480145502,0.1547830000000001,0.0070742486213574,0.3042969762419187,0.0397913999999999,-0.0253881554293344,0.3293479914090313,-0.0495844,0.0766633717057873,0.1153479825582173,-0.0421100522522525,0.0618330567439929,-0.1312352197463194,-0.0164037330357142,0.0210190527474809,-0.1673516652755901,0.0347911999999999,0.0391979119588171,-0.5512253189205022,-0.0766656000000001,0.0649943054729315,-0.8907718801045427,-0.1798193999999999,-0.0402490228134865,-0.1274746549180758,-0.1086238000000001,-0.0446603655029455,-0.5105505690896942,-0.2236416000000001,-0.0140651572721901,-0.8452700202167607,-0.3398034999999999,-0.0518597637144397,0.3772987814595943,0.1069485999999999
-0.0097999526101402,-0.1463210540143626,-0.0380118,0.0,0.0,0.0,0.0097999517364872,0.1463210494595905,0.0380117000000002,0.0199889133013785,0.2924621833453538,0.0763733000000002,0.0346614940510092,0.2826231096577504,0.109874,0.0712589670255338,0.2580814121948763,0.1934428000000001,-0.0492206419017729,0.0752581636800159,0.1452553000000001,-0.084735189691711,0.28781126586603,0.1551585000000002,0.0053163459180398,0.3023012554480127,0.0428725999999999,-0.0312811359636657,0.326842947771695,-0.0406961999999997,0.019661483488902,0.100891230143894,-0.059148091891892,-0.0008111020346791,-0.1445058283011247,-0.0431937616071428,0.0243800829408635,-0.1664983595604894,0.0310958999999999,0.0324583229383797,-0.5509626099082482,-0.093436,0.0531244466844759,-0.8901895906341789,-0.2102743,-0.0439799904530228,-0.126143746062151,-0.1071195,-0.0537506816326466,-0.5102017452597931,-0.2338356999999997,-0.0235092903376689,-0.8442739937537271,-0.3636925,-0.0519569427571976,0.3724139381548174,0.1120531000000002
-0.0080399636256399,-0.1459250070991173,-0.0386484,0.0,0.0,0.0,0.0080399728062694,0.1459250456528931,0.0386484,0.0164330792372296,0.2916640518855232,0.0780045,0.0310876558562404,0.2818995781248947,0.1113917999999998,0.0674569056671989,0.2576667470488398,0.1941980999999999,-0.0513049720781393,0.073381844697174,0.1498350999999997,-0.0866651004721426,0.2858021656006307,0.1497110999999997,0.001778510236227,0.3014285385981061,0.0446174999999997,-0.0345907455921221,0.3256613608153738,-0.0381889000000001,0.0054110114346806,0.0972770420403132,-0.0634076018018019,-0.0164721417293472,-0.147823480439826,-0.04989126875,0.0258755353207567,-0.165921334144158,0.0303575,0.0355046485839965,-0.554166878542274,-0.0836990000000001,0.0586275718812639,-0.8966712850853121,-0.1915009000000003,-0.0419554672102129,-0.1259286783138725,-0.1076543,-0.0504132608443691,-0.5132308950028779,-0.2238415000000002,-0.0160302286837793,-0.8495954651602943,-0.3458425000000003,-0.0532321922150718,0.3739422498320782,0.1127964999999999
-0.0116071719986577,-0.172958872422548,-0.0191384999999999,0.0,0.0,0.0,0.0116071716416968,0.1729588667072137,0.0191386000000002,0.022830085135482,0.3460231219842543,0.0373396999999999,0.0528349864542331,0.3408120365788494,0.0678547000000002,0.107786826198092,0.3312759007827736,0.1240795000000001,-0.0234057881614106,0.1846190232856666,0.0859499000000001,-0.0410021428950045,0.3559010733349022,0.1755012000000002,-0.0070419134134564,0.3512897710015847,0.0068247999999999,-0.062126654942122,0.3607703620472733,-0.0493999999999998,-0.0901927722048979,0.0845542339338196,-0.1341044867549669,-0.1623197303229817,-0.1686366550519137,-0.1151288684210527,0.0486357704056519,-0.1839950140662465,0.0436114999999999,0.0833035269955015,-0.5652322379248607,-0.0926538999999997,0.1092579276895826,-0.9060420647439402,-0.2093167,-0.071850124427599,-0.1619227304414827,-0.0818886,-0.0262293512395135,-0.5559116863654516,-0.174916,0.0104186435372676,-0.907343903860662,-0.2539316999999998,-0.0193710489058042,0.4692259448144972,0.0459868999999999
-0.0076662941104474,-0.1450665700699999,-0.0412029999999998,0.0,0.0,0.0,0.0076662928600571,0.145066603847919,0.0412030000000003,0.0157946781252726,0.2898532130028404,0.0833185000000003,0.0298075573792962,0.2792550576907016,0.1167723999999998,0.0645489037823321,0.2529806125463034,0.1997974,-0.0531577266637183,0.071282734610663,0.1439308999999999,-0.0843945487969395,0.2829861352810225,0.1615648000000002,0.0017818057088084,0.300451363669791,0.0498646000000002,-0.0329595489369171,0.3267258126206018,-0.0331603999999998,0.0018483934211253,0.096373495014418,-0.0644724792792794,-0.0203874016530142,-0.1486528934745013,-0.0515656455357143,0.0245417141206429,-0.1666687586662426,0.0282602,0.035701358742024,-0.5549065479992632,-0.0840925999999999,0.0587006811495822,-0.8977677628170428,-0.1893770999999997,-0.0398743019967597,-0.1234643752311014,-0.1106663000000001,-0.0503684732723793,-0.5124395286917581,-0.2218906999999998,-0.0129763984001698,-0.8500625081932611,-0.3398146999999998,-0.0534111786446198,0.3702929314293988,0.1236200000000002
-0.0171376404771193,-0.1782673802114609,-0.003638,0.0,0.0,0.0,0.0171376519112598,0.1782673580899582,0.0036380999999998,0.0332477485410682,0.3566521591105604,0.0057784,0.0655871637943802,0.3534588723076558,0.0367904000000001,0.1174813040129468,0.3483502863724676,0.0864351000000001,0.0129473370047216,0.1924466665026771,0.0334335000000001,-0.040640314112817,0.3406991340393505,0.1294542,0.00498290740387,0.358790845680127,-0.0287717999999999,-0.0509858148608019,0.3649540744657161,-0.0748785999999999,-0.0963630291508112,0.0831476460547869,-0.1218869470198676,-0.1717557413637934,-0.1733515155723235,-0.103050055263158,0.0421329752814059,-0.1851026902535607,0.0593346000000001,0.0726958612774853,-0.5632833595109077,-0.0839099,0.0947726993085938,-0.9015775576832228,-0.2066143,-0.0764082593389535,-0.1714320629502276,-0.0666104999999999,-0.0331984426970375,-0.5627265637010962,-0.1667041,0.0015222537503827,-0.9118093866493352,-0.2522883,-0.0151146617943752,0.4818903981003776,0.0105873
-0.0182395119642728,-0.1807493605179734,-0.0066035000000002,0.0,0.0,0.0,0.0182395107214546,0.1807493441570486,0.0066035000000002,0.0352578555652206,0.361672985391204,0.0110896,0.066957124431537,0.3579143686456316,0.0432394,0.1207196720694383,0.3515373399148339,0.0978563000000001,0.0133058017797974,0.1707529684574324,0.0531682999999998,-0.0401909420608198,0.3550211507519619,0.1300767,0.0037676241575605,0.3651948316520144,-0.0210601999999999,-0.0502039635874714,0.3718086100541697,-0.0756771,-0.1028962423876605,0.0816583177122816,-0.1089507284768212,-0.1817468118775939,-0.1783437208292279,-0.0902607236842106,0.0437828294732546,-0.189247739463,0.0587425999999999,0.0787866986317647,-0.5634517771664288,-0.0892054999999998,0.1046906505203673,-0.8983072147725748,-0.2159688000000001,-0.0802618400376743,-0.1722509664176236,-0.0719495000000001,-0.0345775138975961,-0.5628232422705983,-0.1590251999999998,0.0020810828042464,-0.9112046534439469,-0.2328572000000002,-0.0099306291327077,0.489551361858863,0.0250929000000001
-0.0097439598697837,-0.1464461221591106,-0.03899,0.0,0.0,0.0,0.0097439575005163,0.1464461391621229,0.03899,0.0198203345853868,0.2927300726028679,0.0784582999999998,0.0339675729043504,0.2827944834039293,0.1121845000000001,0.0696550260083039,0.2577307843749269,0.1973216999999998,-0.0596247592446443,0.0784734076421913,0.1498355999999998,-0.0723290708947142,0.2931673864025825,0.1879908999999999,0.005673091939995,0.3026656433560325,0.0447318999999999,-0.0300143647960897,0.3277293565825552,-0.0404053000000002,0.0374745735566786,0.10540896527337,-0.0538237045045046,0.0187651975836558,-0.140358763127748,-0.0348218776785714,0.0233080501198877,-0.1668814625854809,0.0306339000000002,0.0354661495083683,-0.5535406174018717,-0.0860302000000001,0.0578050796780708,-0.8952058588627793,-0.1949241000000001,-0.0427959649198537,-0.1260107953216857,-0.1086139999999997,-0.0497857492754003,-0.5159451581836061,-0.2099011000000001,-0.0160230108685917,-0.8559651590967206,-0.3164943999999998,-0.0511294435860201,0.3749137796754808,0.1146212000000002
-0.0130307592678623,-0.1834785841822291,-0.0064952999999996,0.0,0.0,0.0,0.013030751175704,0.1834785831660622,0.0064952000000002,0.0245673584348367,0.3671383580324364,0.0097254000000002,0.047205473787126,0.3651805417496613,0.0498357,0.0887355127184576,0.3615381304748677,0.1231582000000002,-0.0397763934289741,0.1500085336739161,0.1409621000000003,-0.0398998068955042,0.3923424446241351,0.1181109,0.0016350729334681,0.3691618826814763,-0.0303849999999998,-0.0396008062873698,0.3727385464186525,-0.1037075999999999,-0.0996296357692358,0.0824029818835343,-0.1154188377483444,-0.1767512766206936,-0.1758476182007757,-0.0966553894736843,0.0308454411826883,-0.1890321791825215,0.0731282000000002,0.0710762155995677,-0.5543763925478605,-0.0894958999999997,0.1011459269924652,-0.8810725521288179,-0.2311432,-0.0569069532247743,-0.1779249895673167,-0.0861185999999998,-0.0214929112303277,-0.5660548868418445,-0.1854920999999998,0.0098344930867974,-0.911268157146978,-0.2725995999999999,-0.0308486076321221,0.4934488964801883,0.0144950999999999
-0.0097728727715386,-0.1463295525560191,-0.0383517000000002,0.0,0.0,0.0,0.0097728709160174,0.1463295730608503,0.0383518,0.0199316953266991,0.2924473227596063,0.0775294999999998,0.033379267808519,0.2823218392862342,0.1115062,0.0674447779345022,0.2566711204970328,0.1975487,-0.0561517563986193,0.0748078734179326,0.1468091,-0.0839932395914817,0.2885870613294976,0.1553227999999999,0.0064841245794919,0.3025727948826012,0.0435526999999997,-0.0275813826942239,0.3282234919591758,-0.0424896999999999,0.041037191570234,0.1063125122992652,-0.0527588270270272,0.0226804575073228,-0.1395293500930726,-0.0331475008928571,0.021419675570429,-0.1671165972414917,0.0321473999999999,0.0348993497627301,-0.5533141359678765,-0.0801001999999999,0.0573661532679195,-0.8948173004932887,-0.1838161999999998,-0.0409654301860752,-0.1255425198501109,-0.1088509000000002,-0.0546465866482499,-0.5130840250449977,-0.2176716,-0.0179895039616754,-0.8496914869973647,-0.3345026999999998,-0.0507208788699341,0.3748449048264619,0.1109029999999999
-0.020285307451835,-0.1764581811381669,-0.0071656999999998,0.0,0.0,0.0,0.0202853233206653,0.1764581796891978,0.0071658000000001,0.0398789218598331,0.3530531464642575,0.0127189000000003,0.0686934667793124,0.3487427838806898,0.0467059999999999,0.1139990394601459,0.3419229468094829,0.1005016000000003,0.0059473201505882,0.1911641990426509,0.0464380000000002,-0.0475863539351786,0.3418590608843746,0.1407507000000003,0.0109923454991521,0.3574123843544131,-0.0212683,-0.034241207212468,0.364183360495234,-0.0750638999999999,-0.0974518980236194,0.0828994246643693,-0.1197309105960265,-0.1734209197827602,-0.1741835497818075,-0.1009185000000001,0.0339035342082365,-0.1854450775401895,0.0604957999999999,0.0687722869517564,-0.5658037380471255,-0.0823895999999999,0.0942790654608472,-0.90590613434784,-0.2052982000000001,-0.0744741683535644,-0.167471284033313,-0.0748272000000001,-0.0304271021395996,-0.5643535427765545,-0.1551267999999996,0.0053504709274429,-0.9180373940197156,-0.2238477999999997,-0.015383048075835,0.4740203751726702,0.0243511
-0.011598212113065,-0.1839881705805534,-0.0132243,0.0,0.0,0.0,0.0115982093788841,0.1839881657422481,0.0132243,0.0218659341037045,0.3682546070812485,0.0235137,0.0431475863470152,0.3647936073553286,0.0644032999999999,0.0821806410885276,0.3584811615078652,0.139256,-0.0480786783758718,0.1686844892416691,0.1045942000000001,-0.0648241770656273,0.381294255415521,0.1481750000000001,0.0006381227957393,0.3716804752296225,-0.0173757000000001,-0.0384487840052747,0.3780280232825439,-0.0922283999999997,-0.100355548351108,0.0822375009565892,-0.1139814801324504,-0.1778613955666715,-0.1764023076737651,-0.095234352631579,0.028806700139472,-0.1925261071536031,0.0686487000000002,0.0676287551631751,-0.5612381326270356,-0.0845365999999998,0.0966057357189383,-0.8905749378206318,-0.2179574999999998,-0.052003118363993,-0.1754502254691721,-0.0950975999999999,-0.0262254221587841,-0.568340548827399,-0.1739935999999997,0.0028357285028041,-0.916389701098568,-0.2480687999999999,-0.0368365227242431,0.4935256220108341,0.0322699000000001
-0.0078165605683491,-0.1466479738048161,-0.0366767000000001,0.0,0.0,0.0,0.0078165590974716,0.1466479926717603,0.0366765999999998,0.0160267468884133,0.2931077712443602,0.0741545999999999,0.0308513811872668,0.2835071810108964,0.1077098999999996,0.0678568052568485,0.2595419106460514,0.1914696999999998,-0.0511597227722119,0.0750630903513846,0.1445902999999999,-0.0909485354750593,0.2871429426819351,0.1461514999999997,0.0012021182558041,0.3027083370306078,0.0405995999999997,-0.0358033207661156,0.3266736004529026,-0.0431601999999999,0.025005410509235,0.1022465506827368,-0.0575507756756758,0.0050617878508213,-0.1432617087491117,-0.0406821964285714,0.025720349197244,-0.1663197349082864,0.0330056999999999,0.033691873566738,-0.5518654139690301,-0.0856992999999999,0.0557769063971689,-0.8918962866007658,-0.1971696,-0.0413534617023851,-0.1269762136846003,-0.1063590000000003,-0.05465941783418,-0.5093981708115355,-0.2342393999999998,-0.0216388245185673,-0.8408216524478132,-0.3670457000000002,-0.0551292371125422,0.373630160541674,0.1112315999999999
-0.0098129079303705,-0.146948462421066,-0.0343075999999999,0.0,0.0,0.0,0.0098128994783055,0.1469484297279017,0.0343077999999996,0.0199529422377084,0.2937686089759511,0.0693245,0.0345308732347605,0.284745178091175,0.1030509999999997,0.0709043135283395,0.2622306255598802,0.1871960999999999,-0.0480957136242526,0.0765920898687549,0.1463839999999998,-0.0858256702475197,0.2888124145116248,0.1370373999999996,0.0053750220348349,0.3027920001148664,0.0355984,-0.0309984191490419,0.3253065394380439,-0.0485467000000001,0.014317556468569,0.0995359096050512,-0.0607454081081082,-0.0066839919201797,-0.1457499478531376,-0.0457053267857143,0.0243573697327979,-0.1655204899675062,0.0352595,0.0341781451462952,-0.553842690233987,-0.0765903000000003,0.0561597265709056,-0.89668213810933,-0.1816736000000003,-0.0439831926671415,-0.1283764373642509,-0.1038749000000001,-0.0506364985273303,-0.5138466647256298,-0.2254853000000003,-0.0213014807762796,-0.8499334189412062,-0.3489635,-0.0510958975782005,0.3762319353518725,0.1017433999999997
-0.0094655765420836,-0.1463963465561753,-0.0394215,0.0,0.0,0.0,0.0094655773734326,0.1463963558966195,0.0394216000000002,0.0194017906818774,0.2925164298874702,0.079628,0.0326838643211513,0.2823099807223853,0.1136838,0.0662650271280778,0.2565050530061664,0.1997522000000002,-0.0618894073160155,0.0775666215598289,0.1446446000000003,-0.0764077420127036,0.2923234310016098,0.1854962000000002,0.0061197200887028,0.302722891454153,0.0455721000000002,-0.0274614477663807,0.3285278472181778,-0.0404962999999995,0.0535063546176776,0.1094749268898984,-0.049031755855856,0.0363838672401573,-0.136626404471709,-0.0272871821428571,0.0213246960628154,-0.1672460507039881,0.0313915000000002,0.0375992977140807,-0.5540433787054757,-0.0780740999999998,0.0613069202539876,-0.8963035644475211,-0.1787561999999996,-0.0402558506368012,-0.1255466478574212,-0.1102343999999999,-0.0538096357520096,-0.5070280617966816,-0.2385762999999996,-0.0186819685071061,-0.8376900088820444,-0.3710749999999998,-0.0506545751373334,0.3743927877677459,0.1159538000000002
-0.0118235354455669,-0.1742949563492833,-0.0171942999999998,0.0,0.0,0.0,0.0118235375706127,0.1742949430490294,0.0171943000000003,0.02315107562358,0.3487163309511903,0.0335550000000002,0.0554612961238649,0.3439641267012649,0.0636222000000001,0.111648313593197,0.33570468850019,0.1156282000000001,-0.0087690610405096,0.1841640871069629,0.0782845,-0.0417770296845295,0.3397288812889494,0.1807833000000003,-0.0092323824449191,0.3534257954132471,0.0034876000000001,-0.0653461494382679,0.3617279626357098,-0.0485183999999998,-0.0912816410777062,0.0843060125434021,-0.1319484503311259,-0.1639849087419485,-0.1694686892613978,-0.1129973131578948,0.0511643708287139,-0.1844515599434896,0.0455444000000002,0.0823880359958172,-0.565152459738446,-0.0949060999999997,0.105180404596533,-0.9056515319899892,-0.2150864999999999,-0.0748114430663106,-0.1641383529390747,-0.0799328999999997,-0.0298383970970935,-0.5540352332382686,-0.1829822999999999,0.0065933124972683,-0.9019264223668164,-0.2714493,-0.0121881091988005,0.4756096102876984,0.0379321000000003
-0.0145440627451184,-0.1842490896005988,-0.0159062999999997,0.0,0.0,0.0,0.0145440589420107,0.1842490797445949,0.0159063999999999,0.0281675342720231,0.3687559565374154,0.0294538000000001,0.052858195694561,0.3640948500522048,0.0683131999999999,0.0972538607735124,0.3557037327318854,0.1383467,-0.0366272630453792,0.1868190102003839,0.0837951000000001,-0.0762620609281784,0.3635321972163066,0.2013929000000001,0.0034205744708992,0.3734175283991744,-0.0094054999999997,-0.040918809611255,0.3818081736660393,-0.0794391000000001,-0.1010814609329802,0.0820720200296442,-0.1125441225165563,-0.1789715145126494,-0.1769569971467545,-0.0938133157894738,0.0321860150225508,-0.1946801689454991,0.0628636,0.0677182136096588,-0.5641778575793401,-0.0910686999999996,0.0939852107929023,-0.8943054008298652,-0.2250346999999997,-0.0612741457739095,-0.1738180160354897,-0.0946761999999998,-0.029050151391364,-0.5663376231495144,-0.1709450999999999,0.0039347989692359,-0.9144749181246586,-0.2411832,-0.0317614832059538,0.4937626022075517,0.0417434999999999
-0.0117484365663526,-0.1746643847929531,-0.0073696999999999,0.0,0.0,0.0,0.0117484330879216,0.174664392704174,0.0073697999999997,0.0231386842628995,0.3493838303471372,0.0140658,0.0583542782786149,0.3460097444830579,0.0397666,0.1187999303769049,0.3402157890668987,0.0840989999999997,0.0035543482466114,0.1829401975414375,0.0625703999999998,-0.0235272072090064,0.3325889346871743,0.1767531,-0.010571325619763,0.3525371179954842,-0.0116347000000001,-0.0725225564085299,0.3585518583751194,-0.0559670000000003,-0.0923705099505144,0.0840577911529846,-0.1297924139072848,-0.1656500871609152,-0.1703007234708819,-0.1108657578947369,0.056017252074263,-0.1817318031701833,0.0468047999999998,0.0831338370280656,-0.5633482419316342,-0.0917808,0.1026575423705266,-0.9048039455820808,-0.2094444000000002,-0.079514123192047,-0.1675969712379248,-0.061544,-0.0345910903644266,-0.5533699705473699,-0.1848466000000002,0.0015720661055143,-0.8980753369761295,-0.2898255999999999,-0.0091785966638604,0.4763932089449336,0.0142319999999998
-0.0154479130621647,-0.1742602384480756,-0.0022228000000001,0.0,0.0,0.0,0.0154479271437802,0.1742602429217892,0.0022227999999997,0.0304401680008177,0.3485660535450446,0.0033106999999996,0.0641691119772275,0.3455127241623902,0.0310620999999997,0.1214060698227839,0.340332476337949,0.0781452999999996,0.0018652794511496,0.1890207140591773,0.0512189999999996,-0.0354256173767947,0.3370855500487409,0.1605984999999998,-0.0025649166515231,0.3517342925392956,-0.0244405000000003,-0.0605257416382491,0.3567996304820616,-0.0715237000000001,-0.0934593788233226,0.083809569762567,-0.1276363774834437,-0.167315265579882,-0.1711327576803659,-0.108734202631579,0.0493141854624921,-0.1806045229608922,0.0548587,0.0803724603238668,-0.5646155351772909,-0.0785584000000003,0.1030333737730786,-0.9081471917081348,-0.1917424000000003,-0.08021000669096,-0.1679159512158291,-0.0593042000000001,-0.035414047443279,-0.5574971394273398,-0.1694274,0.0006060266157007,-0.905356607311662,-0.2631648000000002,-0.0016584849615059,0.4753891975052954,0.0026953
-0.0125635126200984,-0.1840713208152337,-0.0153580999999998,0.0,0.0,0.0,0.0125635116638738,0.1840713119407639,0.0153582999999999,0.024027710407606,0.3684235219172063,0.0277848999999998,0.0466464452944396,0.3642096505757823,0.0679399000000002,0.0877208190797294,0.3565778934307135,0.1405843,-0.0451688363554005,0.1795090503971386,0.0902777000000001,-0.0743081852522652,0.3718267460759732,0.1706541000000001,0.0014805619903586,0.3726045756995237,-0.0123698,-0.0396654144692075,0.3802691224332045,-0.0850144999999997,-0.1007185046420441,0.0821547604931167,-0.1132628013245033,-0.1784164550396604,-0.1766796524102597,-0.0945238342105264,0.0301068080864699,-0.1938649646723079,0.0654572,0.0670495634922349,-0.5633721512102873,-0.0893969000000001,0.0945224944258455,-0.8933920044230135,-0.2242825000000001,-0.0552338310294347,-0.1742776726113888,-0.0961734999999999,-0.0282510993820373,-0.5676730687082255,-0.1710645999999998,0.0022988870407957,-0.916092084606929,-0.2417403999999998,-0.0364470610934178,0.4930457798741293,0.0392272999999998
-0.0091593423600939,-0.1463151293702133,-0.0391477999999998,0.0,0.0,0.0,0.0091593446615067,0.1463151433795646,0.0391479000000001,0.0187316270456983,0.2923898729292101,0.0790305,0.0317419656881457,0.2821695861810866,0.1131497000000001,0.0646322269224318,0.256332219197022,0.1993916000000002,-0.0622241559970949,0.0763013247225315,0.1475642000000001,-0.0770395943203747,0.291349144589719,0.1681011000000003,0.0057212826845251,0.3026101568871807,0.0449114999999999,-0.0271689839815342,0.3284475517036975,-0.0413304999999999,0.0517250456109,0.1090231533769508,-0.0495641945945948,0.0344262372783238,-0.1370411109890467,-0.0281243705357142,0.0212771121057379,-0.1672535312821592,0.0317118,0.0379462928556754,-0.5535429678367817,-0.0793871999999997,0.0605027406459075,-0.8956157915308436,-0.1806944999999999,-0.0395957896948753,-0.1253767310684253,-0.1100075,-0.054236033964445,-0.5086128141663644,-0.2316424999999999,-0.0172454882394645,-0.840588036169748,-0.3604699999999998,-0.0514290998895653,0.3739329664973118,0.1165858000000001
-0.0189279520372373,-0.1831807131997236,-0.0086648999999998,0.0,0.0,0.0,0.0189279447557449,0.1831807184499436,0.0086648,0.0369736117425444,0.3665195471201878,0.0159294999999999,0.0677094595228876,0.3621008499507393,0.0502164999999998,0.1210068718926062,0.3544411778433183,0.1094764999999999,-0.0016634261453993,0.1814980813075155,0.0563012999999998,-0.0495091427191232,0.3563555225350095,0.1494898,0.0064330146529226,0.3709160521497806,-0.0183575,-0.0470596394615816,0.378597895169835,-0.0776176999999997,-0.1021703298057884,0.0818237986392267,-0.1103880860927152,-0.1806366929316161,-0.1777890313562385,-0.0916817605263159,0.0410028152580934,-0.1928058094106453,0.0608813000000001,0.0762774131586032,-0.5636573734520847,-0.0882716999999999,0.1020693476568573,-0.8955899634138518,-0.2161562999999997,-0.0788587190710425,-0.173555619745674,-0.0782110999999998,-0.0297570987246724,-0.5633683206664595,-0.1614423,0.0076589517703305,-0.9115430436550164,-0.2305025,-0.0120203630959322,0.4950483730478143,0.0286604999999999
-0.009781800026367,-0.1463564536406588,-0.0386652999999999,0.0,0.0,0.0,0.0097817961783901,0.1463564577134305,0.0386653000000003,0.0200145940449647,0.2924449357661675,0.0781262000000002,0.0329654335841909,0.2822612659864484,0.1122966,0.0658118154777693,0.2564345805255117,0.198963,-0.0548543855615568,0.0727652745100556,0.1445495999999999,-0.0914564259452443,0.2863379564698423,0.1375747,0.0070637566152813,0.3026286011866885,0.0439557999999999,-0.0257826187665405,0.3284552733666527,-0.0427104999999996,0.0428185005770116,0.1067642858122128,-0.0522263882882884,0.0246380874691563,-0.139114643575735,-0.0323103124999999,0.0203303452224365,-0.1671757406429364,0.0323850999999999,0.0348840693150016,-0.5527957625248536,-0.0821217999999999,0.0574253064411015,-0.8939663208692182,-0.1871511999999997,-0.0398939545001928,-0.125537172337442,-0.1097156999999997,-0.0573927109950354,-0.5113634156336901,-0.2279020999999996,-0.0191607646013065,-0.8456911850980905,-0.3545362999999999,-0.0508531214188954,0.374500676370841,0.1118477000000002
-0.0103375052127049,-0.1469893557872879,-0.0364027999999998,0.0,0.0,0.0,0.0103375058447635,0.1469893195808121,0.0364029999999999,0.0213101860697579,0.2936225263205452,0.0738958000000002,0.0349564872600623,0.2837879545088192,0.1079246,0.0695387638784635,0.2588684082844957,0.1941944000000002,-0.0525438979025427,0.0745032506327057,0.1473309,-0.0882511225071776,0.2882790893826669,0.1322537999999999,0.0076639013223373,0.3034570899871456,0.0398667999999999,-0.0269183899628048,0.3283766555109338,-0.0464029999999997,0.0588502816380106,0.1108302474287412,-0.0474344396396398,0.0422567571256578,-0.1353822849196961,-0.0247756169642856,0.0209072468557337,-0.1669232240725406,0.0345548,0.0360920008603226,-0.5510519383434584,-0.0845471999999998,0.0603344127240589,-0.8905949091510925,-0.1945312999999999,-0.0415822536686217,-0.1270554913791769,-0.1073604999999999,-0.0518701393753469,-0.5042091996798425,-0.2463832999999997,-0.022762778294229,-0.8323886922076636,-0.384859,-0.0502015156605009,0.3748354076397948,0.1095167000000003
-0.0130104128461745,-0.1778744404544094,-0.0097701999999997,0.0,0.0,0.0,0.0130104209962604,0.177874438077901,0.00977,0.0247566375703879,0.355906974594231,0.0178582,0.0612599922180294,0.3523580545324303,0.0433318000000002,0.1211421287762066,0.3465341460556159,0.0851250000000001,0.0010908810797804,0.1971986135221738,0.056731,-0.0368995674498144,0.3335121215683699,0.1772404999999999,-0.0111273527166005,0.3595370054377758,-0.0076152,-0.0716288321688915,0.3652798104275608,-0.0494083,-0.095274160278003,0.0833958674452044,-0.1240429834437086,-0.1700905629448267,-0.1725194813628393,-0.1051816105263159,0.0550629218327247,-0.1856162450923555,0.042459,0.0842483844826589,-0.5589637600914975,-0.1169891999999999,0.1059458643438289,-0.8932857372000251,-0.253546,-0.0810837357669003,-0.170132630728057,-0.0619993999999999,-0.0299334116589765,-0.5551285221461731,-0.1827929999999997,0.0120169960693471,-0.8990931973258445,-0.2859216999999998,-0.0167115620488623,0.4832617069644563,0.0198251000000002
-0.0097266728839429,-0.1463934850094042,-0.0384957000000003,0.0,0.0,0.0,0.0097266717141934,0.1463935099750482,0.0384958999999995,0.0197949564213068,0.292614061083772,0.077569,0.0336969832559756,0.2826088309082192,0.1114013999999996,0.0688485096779543,0.2573079885048092,0.1969187999999997,-0.0577603879111348,0.0769037621170614,0.1489632999999997,-0.0769352339634887,0.2912906581839826,0.1762664999999996,0.0058929249847408,0.3026192692396225,0.0437367999999995,-0.0292586029149169,0.3279201085607842,-0.0417806,0.0392558825634563,0.1058607387863176,-0.0532912657657659,0.0207228275454893,-0.1399440566104104,-0.0339846892857142,0.0225988359030954,-0.166975314317536,0.0315235999999998,0.0352972720339972,-0.553464537088545,-0.0826860000000002,0.0575500517022605,-0.8951006583187804,-0.1889428000000004,-0.0420521846437054,-0.1258116683932917,-0.1085150000000001,-0.0516983915007161,-0.5148694250432668,-0.2100722000000003,-0.016653167759367,-0.853572184571185,-0.3174068000000001,-0.0508580850806232,0.3750886308885461,0.1110134999999998
-0.0092203332906781,-0.147136480071882,-0.0376630000000002,0.0,0.0,0.0,0.009220330292558,0.147136462617999,0.0376629999999997,0.0188856389954774,0.2940267996899584,0.0760039999999997,0.0321864105201095,0.2841041073094254,0.1102392999999999,0.0665899775641135,0.2584366825416666,0.1987755999999998,-0.0578121215330915,0.0731794362519129,0.1481035999999997,-0.0828404603672134,0.2911412768142391,0.1651405999999999,0.0055848666589355,0.3039494652766466,0.0417687999999998,-0.0288186987064928,0.3296169052683571,-0.0467674000000002,0.0748820626990096,0.1148962090452697,-0.0426424909909912,0.0598754267821593,-0.131649926263657,-0.0172409214285713,0.0226338107832273,-0.16749370763071,0.0334132,0.0408987064886111,-0.5523034974701568,-0.0758474000000002,0.0654280303090865,-0.8929146834564728,-0.1764202000000003,-0.041074479755905,-0.1267792466787574,-0.1087391000000002,-0.0478257484170022,-0.5103495296557874,-0.2214966,-0.0132787988702863,-0.8441719172017845,-0.3389134,-0.0518526886870165,0.37677891658329,0.1103913999999997
-0.0087467824587909,-0.1468230949640138,-0.0377842999999997,0.0,0.0,0.0,0.0087467746665631,0.1468231099402873,0.0377844,0.0178064127457733,0.2934865981729072,0.0763535000000001,0.0318883964454295,0.2839059342816476,0.1102210000000001,0.067081968199603,0.2599612548103404,0.194871,-0.0589322492146092,0.0769983258148584,0.1565693000000001,-0.0845584469665272,0.2921001685942518,0.1583050000000003,0.0037244202052187,0.3030672845767526,0.0424865000000003,-0.0314691480651238,0.3270119682942524,-0.0421635,0.030349337529568,0.1036018712215796,-0.0559534594594596,0.0109346777363218,-0.1420175891970987,-0.03817063125,0.0233664699552583,-0.1665382149610666,0.0325733000000001,0.0347708402749826,-0.5555131987488877,-0.0725182999999995,0.0598507272068886,-0.8987923245142146,-0.1723524999999997,-0.0408600290057891,-0.1271079857624518,-0.1081418999999996,-0.0542484620278353,-0.5135409559559555,-0.2194585,-0.0193819171841361,-0.8491180714164623,-0.3382958999999998,-0.053572578490026,0.3761336834937657,0.1097839
-0.016177686612775,-0.1747225946391999,-0.0034446999999997,0.0,0.0,0.0,0.016177696773611,0.1747225919446494,0.0034447000000001,0.0318041696367623,0.3495139075234906,0.0060736999999999,0.0651532965233888,0.3460901599422606,0.0346389,0.1212977244939015,0.3403272818778703,0.0827783000000002,-0.0014444732514134,0.1933125274051419,0.048753,-0.0403820888893908,0.3355825389883358,0.1634394999999999,-0.0040675763205329,0.3540572080625531,-0.0184894500000001,-0.0576893715535197,0.3587004726627635,-0.0706306999999997,-0.0941852914051947,0.083644088835622,-0.1261990198675497,-0.1684253845258599,-0.1716874471533553,-0.1073131657894738,0.0477583845071148,-0.1818707838524388,0.0546373,0.082350993430378,-0.5636706886923032,-0.0790864999999998,0.108036524779988,-0.905349262529242,-0.1925616999999997,-0.0801137519670679,-0.1675744065706055,-0.0615264999999998,-0.0321715007204097,-0.5575682155089697,-0.1664032999999998,0.0068171555134068,-0.9056790131421648,-0.2558550999999998,-0.0043309462996632,0.4760828928414328,0.0060232
-0.0117958450603507,-0.1734483573489404,-0.0188756000000003,0.0,0.0,0.0,0.0117958424710075,0.1734483437458379,0.0188755999999998,0.0231015480809071,0.3470236997514087,0.0367644,0.0538254014901993,0.3418005770041007,0.0666007999999998,0.1088200711774953,0.3324533803462213,0.1202356,-0.0192101112865991,0.1856054441537801,0.0805213,-0.0440446351777754,0.3524836812965598,0.1730481999999997,-0.0079587528618623,0.3522070432963703,0.0069278999999999,-0.0626169706629224,0.3615940304943606,-0.0467069000000002,-0.090555728495834,0.0844714934703471,-0.1333858079470199,-0.1628747897959707,-0.1689139997884084,-0.1144183500000001,0.0492159971509854,-0.1845775662885113,0.0427111999999998,0.0833449423144623,-0.5658961553611761,-0.0967877000000001,0.1087866922076699,-0.9068110227178228,-0.2161873,-0.072807697219227,-0.1623191446037304,-0.0804624,-0.0267602607259973,-0.5556333587387602,-0.1788338,0.0103965212232562,-0.9064577417829184,-0.2624599999999999,-0.0163125190072286,0.4717882225555229,0.0434092999999999
-0.0127152887932256,-0.1745603027461424,-0.0046882999999997,0.0,0.0,0.0,0.0127152914475083,0.1745603099714275,0.0046881999999999,0.024972069911921,0.3491765532374845,0.0086154999999998,0.0604339685930265,0.3461101566164187,0.0338068000000002,0.1211582572722526,0.3408545612340842,0.0768415,0.0046469999567074,0.1838409974775665,0.0552836999999999,-0.0236986766295394,0.3339789928385701,0.1641325,-0.0088663684315586,0.3519806862393589,-0.0202681999999998,-0.0712141214882574,0.3574985489824257,-0.0596109,-0.0927334662414505,0.083975050689512,-0.1290737350993378,-0.1662051466339042,-0.1705780682073765,-0.1101552394736843,0.0554281340040981,-0.1810084866409297,0.0480680000000002,0.082245145270832,-0.5633589823761124,-0.0895204999999998,0.1015248902599874,-0.9054668328874532,-0.2061544999999998,-0.0808587087820371,-0.1681121157456014,-0.0574444999999999,-0.0358663020569718,-0.5541803252323485,-0.1780569999999999,0.0002705329293995,-0.8991965515190382,-0.2805407,-0.0064510487078699,0.4762350979407177,0.0084636499999999
-0.009271304287053,-0.1466850233930982,-0.0370485999999998,0.0,0.0,0.0,0.0092712990731553,0.1466850375207063,0.0370486000000003,0.0188419733148241,0.2932198693886567,0.0747674000000002,0.0328463076207411,0.2834975721336804,0.1086805000000001,0.0679039129852704,0.2591590654367408,0.1935220000000002,-0.0608606233043009,0.0780315739932312,0.1548190000000002,-0.079001207513546,0.2932468956368896,0.1663038999999999,0.0048376300193617,0.3029422024200604,0.0408542,-0.0302199677562808,0.3272807291589233,-0.0439872999999999,0.0321306465363456,0.1040536447345272,-0.0554210207207209,0.0128923076981553,-0.141602882679761,-0.0373334428571428,0.0230040145997299,-0.166708660569584,0.0332239000000003,0.0346747159728542,-0.5552803031074725,-0.0717543999999996,0.0593903526080737,-0.898279660355954,-0.1707469999999999,-0.041546614320201,-0.1266613957656337,-0.1073209999999997,-0.0530170255133349,-0.5144441915497058,-0.2163656,-0.018632673597905,-0.8517475587577931,-0.3322550999999998,-0.0525654714078582,0.3758593963536962,0.1054669000000001
-0.0099118685418765,-0.1464030615903973,-0.0393184999999998,0.0,0.0,0.0,0.0099118781315213,0.1464030787984899,0.0393186,0.020232201787543,0.292593437461065,0.0793124,0.0332406824402832,0.2822634517828991,0.1134612999999999,0.0665401582731744,0.2558152214089291,0.2009970999999999,-0.0558421209184241,0.0737880368890984,0.1375926,-0.0800962791707087,0.2895106660723465,0.1718181000000003,0.0072237195030242,0.3029233865282796,0.0451634000000003,-0.0260757627922301,0.3293716261807805,-0.0423724,0.0659755176651213,0.1126373414805317,-0.0453046846846849,0.0500872769729918,-0.1337234588503454,-0.0214268633928571,0.0211447150102745,-0.1676802822258773,0.0315462000000001,0.0357590369266662,-0.5486409691508568,-0.0966844,0.0556488954128439,-0.8860426928115446,-0.2137853999999999,-0.0409684605184284,-0.1251258425879985,-0.1101831999999998,-0.0508958480646527,-0.5050395568824043,-0.2403613999999998,-0.0203409294678491,-0.8357296447119167,-0.371696,-0.0511023374085456,0.373883763811587,0.1151378000000002
-0.0101500192010462,-0.1470076638640429,-0.0370713,0.0,0.0,0.0,0.0101500249430514,0.1470076484324368,0.0370711999999997,0.0208099436843743,0.2937548708184876,0.0749473999999996,0.0341439117229321,0.284001551985601,0.1091503999999998,0.0680500926754742,0.2591992690366412,0.1960549,-0.0507112764287257,0.0735579782765594,0.1421307999999999,-0.0866802417534635,0.2884473179166825,0.1492781999999999,0.007475981774653,0.3035081496072974,0.0407440999999999,-0.0264302129132349,0.328310450143473,-0.0461605,0.0624128996515659,0.1117337944546364,-0.0463695621621624,0.0461720170493248,-0.1345528718850207,-0.0231012401785714,0.0209194130212549,-0.1669560950914771,0.0340253999999999,0.035998519639301,-0.5486519874231389,-0.0911386000000002,0.0582731298988416,-0.8863257241462887,-0.2056351000000003,-0.0412194516473685,-0.12705924080709,-0.1081679000000002,-0.0507286592320326,-0.5051239035559273,-0.2456529,-0.0215901511743736,-0.8343951423126803,-0.3825421000000002,-0.050505459842711,0.3754100491404731,0.1097426999999999
-0.0118683930206689,-0.1839102310694935,-0.0105233,0.0,0.0,0.0,0.0118683892975089,0.1839102308354805,0.0105233,0.0222895004845373,0.3680555765453253,0.0175917000000001,0.0435305319681863,0.365456915461374,0.0584331000000002,0.0827137114092374,0.360663474831583,0.1334799000000002,-0.045728907345578,0.1572766492813347,0.1271808000000001,-0.0514859432536835,0.3893990506256964,0.1362075000000002,0.0010769547291742,0.3706742325968054,-0.0232494,-0.038134721463589,0.3754476372965922,-0.0982960999999997,-0.0999925920601719,0.0823202414200617,-0.1147001589403974,-0.1773063360936826,-0.1761249629372704,-0.0959448710526317,0.0289836107611911,-0.190809252109152,0.0708511,0.0691519837104732,-0.5579560957521963,-0.0873939999999997,0.0991677583520529,-0.8860515311047347,-0.2253034999999998,-0.0527203913003637,-0.17701120569525,-0.0918977,-0.0236306880181995,-0.5678564562984784,-0.1832020000000001,0.0057219404885391,-0.9146648396869254,-0.2654741,-0.0343126054906081,0.4941847725123078,0.0234771
-0.0133338025564315,-0.1785806635681855,-0.0084280999999997,0.0,0.0,0.0,0.0133338075158434,0.1785806516850218,0.0084281000000001,0.0252802839742925,0.3573264585124897,0.0152531000000002,0.0615237011462722,0.3539512280764477,0.0407094000000003,0.1204407349621571,0.3484531804656623,0.0820978000000001,0.00596410840799,0.1951309283487463,0.0504234000000001,-0.0383083864309931,0.3356679081076048,0.1727494000000002,-0.0081656357778717,0.3600356956321489,-0.0102035999999996,-0.069880153979606,0.3661997684047257,-0.0515919,-0.095637116568939,0.0833131269817319,-0.1233243046357616,-0.1706456224178155,-0.172796826099334,-0.1044710921052632,0.0535457803093858,-0.1860188186583297,0.0440812000000003,0.0807427523960905,-0.5593456487002552,-0.1163905999999999,0.100621250288229,-0.8935742969123277,-0.2539099999999998,-0.080213378179505,-0.1711425017319995,-0.0609373999999998,-0.0312711261246233,-0.5566166019512996,-0.1815447999999997,0.0086501324806249,-0.9009522820079184,-0.2844340999999999,-0.0174562812131641,0.4847370880915607,0.0173474000000002
-0.0140988244690506,-0.1744010515332901,-0.0035316999999999,0.0,0.0,0.0,0.0140988344985003,0.174401059264115,0.0035317000000003,0.0276865376705456,0.3488555231270093,0.0060641000000001,0.0625377683529577,0.3459036298582832,0.0323963000000002,0.1219813642476696,0.3408663973346508,0.0771081000000002,0.0037522297000457,0.1862781222010048,0.0538311,-0.0285901303747777,0.3358678365607484,0.1599438000000002,-0.0060182199481634,0.3517023400157579,-0.0202681999999998,-0.0666083023594184,0.3568446561324117,-0.0649800999999996,-0.0930964225323865,0.0838923102260395,-0.1283550562913908,-0.1667602061068931,-0.1708554129438712,-0.1094447210526317,0.0528395300873374,-0.180599666102995,0.0510841000000001,0.0810666039676205,-0.5638802007731654,-0.0837068999999997,0.1014581835591902,-0.906786940761448,-0.1979883,-0.0810371753361812,-0.1682024316368182,-0.0581475,-0.0363125915692878,-0.5558333534442828,-0.1716921999999998,-0.0004242769115554,-0.9021418477779282,-0.2681388999999998,-0.0036663162953693,0.475798637132986,0.0026953
-0.009134665018369,-0.1464274369610543,-0.0411040999999996,0.0,0.0,0.0,0.0091346610153766,0.146427416984674,0.0411040000000002,0.0187586364018046,0.2925841526508625,0.0829954000000001,0.0326484300574094,0.2820738182788713,0.1167807,0.0685204389892861,0.254931183888701,0.2039892000000001,-0.0561673201545422,0.0712836633941517,0.1500191000000001,-0.0794577155065338,0.2886330877530149,0.1739694000000002,0.0048688398664353,0.3030944649256517,0.0492100000000004,-0.0310031674473061,0.3302371034405429,-0.0379985999999998,0.0713194446854543,0.1139926620193745,-0.0437073684684687,0.0559601668584924,-0.1324793392983324,-0.0189152982142856,0.0237217667493277,-0.1679667382509418,0.0290464000000003,0.0405128135164817,-0.5519881863659553,-0.0833389999999996,0.0611207929358939,-0.8923476044809604,-0.1852884999999999,-0.0419910959821952,-0.124888135103073,-0.1112546999999999,-0.0517068480787828,-0.5082046319985005,-0.2278568999999999,-0.0152235884407901,-0.8406939678522233,-0.3506560999999997,-0.0520802306260491,0.3740658121794252,0.1200474000000002
-0.0180746234613183,-0.1788635455869765,-0.0023081,0.0,0.0,0.0,0.0180746193681822,0.1788635349292466,0.0023081,0.0344014731923851,0.3578960460974196,0.0018436999999997,0.0636570384707184,0.3554767506581676,0.0358787,0.1145117688938985,0.3512923151722308,0.0942124999999998,0.0034132898290457,0.1704088584659839,0.0465650000000001,-0.0337518618593529,0.3610334388040959,0.1311219000000001,0.0055895292877752,0.3602901116923148,-0.0321915000000001,-0.0457088344005169,0.3644997631482888,-0.0905252999999999,-0.1039851112604688,0.0814100963218641,-0.1067946920529802,-0.1834119902965607,-0.1791757550387119,-0.0881291684210527,0.0384153242957524,-0.1851536393149193,0.0662433999999998,0.0739795294038093,-0.5567867572831334,-0.0881259999999999,0.1005636931470644,-0.8892283174256961,-0.2213123000000001,-0.0745645630739783,-0.1725734414067924,-0.0708597000000001,-0.0321179043483354,-0.5605706655549197,-0.1786088999999999,0.0040056671178166,-0.9059853242341076,-0.2732682999999998,-0.0135672961706831,0.4834717844970558,0.0093592999999998
-0.0204434075837364,-0.1766935121306897,-0.0038727,0.0,0.0,0.0,0.0204434225154067,0.1766935043419649,0.0038726000000002,0.0402018767077754,0.3535063278337063,0.0063910000000002,0.0691078693450361,0.349512915412692,0.0398373000000003,0.1145839242610837,0.3432104011176973,0.0927632000000002,0.0097648527775969,0.1936847526830415,0.0385043,-0.0442410423670395,0.340928243411119,0.1311910000000002,0.0123727206654625,0.3573559136938276,-0.0212683,-0.0341801877736725,0.3638022659015534,-0.0799808999999998,-0.0970889417326833,0.0829821651278419,-0.1204495894039735,-0.1728658603097712,-0.1739062050453128,-0.1016290184210527,0.0332856309452723,-0.1849939608819938,0.0629446000000002,0.0684921487573283,-0.566853126791443,-0.0771987999999996,0.0942262546501435,-0.9082475097853888,-0.1973607999999997,-0.0741724688761715,-0.1683930614561367,-0.0706899,-0.0316198445466138,-0.5654396008544098,-0.1537371999999996,0.0023731771341038,-0.9193218583045786,-0.2246236999999999,-0.0136962311464044,0.4753095527297009,0.0141995000000001
-0.0101865202577054,-0.1466642416131663,-0.0357072999999998,0.0,0.0,0.0,0.0101865126838112,0.1466642249065754,0.0357071000000002,0.0207146151437793,0.2931888103338339,0.0718857000000001,0.0351852127735607,0.2838039684116012,0.105588,0.0712909055098883,0.2603885188694796,0.1896440000000003,-0.0488905791795104,0.0758217922542942,0.1475107000000002,-0.0844248159743513,0.2884691483370281,0.1448003,0.006244029513017,0.3025736305829897,0.0381831000000003,-0.0298616586946585,0.3259890582847992,-0.0458727999999997,0.0160988654753466,0.0999876831179988,-0.0602129693693695,-0.0047263619583462,-0.1453352413358,-0.0448681383928571,0.0238038974654235,-0.1659732529428215,0.033633,0.0333467619370716,-0.553212280315014,-0.0841982999999997,0.0550911874448052,-0.8950584306602305,-0.1945636999999997,-0.0441769515255635,-0.1273552317715133,-0.1050475999999998,-0.0512072156065642,-0.5131330036685189,-0.2253406999999998,-0.0220086728664217,-0.8496139858716464,-0.347356,-0.0507444857444743,0.3748653047981861,0.104832
-0.0100223181208243,-0.1467378438534899,-0.0381586,0.0,0.0,0.0,0.0100223286043535,0.1467378423455504,0.0381586,0.0204763762954367,0.2932594246809548,0.0771489999999999,0.0335830879599506,0.2832743338327312,0.1113645999999999,0.0670093282743935,0.257802920427468,0.1985281000000003,-0.0529089276876887,0.0737947556119471,0.1374834000000002,-0.0831976673772181,0.2891793114838962,0.1643942000000002,0.0073696684149751,0.3032444718121764,0.0429333,-0.0260565836442578,0.3287158968261711,-0.0442301999999998,0.0641942086583436,0.1121855679675841,-0.0458371234234236,0.0481296470111583,-0.134138165367683,-0.0222640517857142,0.0209170864935232,-0.1672695161065596,0.0328894000000001,0.0357008804656441,-0.5482786199905356,-0.095231,0.056813573453779,-0.8855112675210893,-0.2123276999999999,-0.0409617278372247,-0.1262061781480379,-0.1092065999999998,-0.0506766761441689,-0.5051863020636956,-0.2440354,-0.0209086370819775,-0.8352164635455805,-0.3786233999999999,-0.0507231139870358,0.3749379148349361,0.1124571000000003
-0.0090286758109982,-0.1467553223539756,-0.0394418999999999,0.0,0.0,0.0,0.0090286718693035,0.1467552883349913,0.0394418,0.0185267792753131,0.2932549995269175,0.0799551000000002,0.0323559997659718,0.2830211490114856,0.1138365000000001,0.0681090722390664,0.2565612313956869,0.2014718000000002,-0.0559530908169283,0.0716599858570641,0.1486640000000001,-0.0808868976575765,0.2891016750928284,0.1728631000000002,0.0046975570528856,0.3034888177507182,0.0460739000000001,-0.0310555126937116,0.3299487453685223,-0.0415613999999999,0.0731007536922319,0.1144444355323221,-0.0431749297297299,0.0579177968203259,-0.1320646327809947,-0.0180781098214285,0.0237119184870635,-0.167740627824929,0.0310271000000001,0.041446966816601,-0.5525812673332937,-0.0769343999999998,0.0639269003503111,-0.8934924345706752,-0.1755754999999998,-0.0417692706514267,-0.125770016667876,-0.1099107999999997,-0.0502314191329289,-0.509566181690434,-0.2222928999999998,-0.0136227454022009,-0.8427393848438418,-0.3412365999999998,-0.0520717878413351,0.3754470529492077,0.1165291000000001
-0.0094758565400017,-0.1464415166678472,-0.0390269999999999,0.0,0.0,0.0,0.0094758535015829,0.1464414956872137,0.0390269999999999,0.0193714486299967,0.2926358849686892,0.0786857999999997,0.0318466658605179,0.2825217912487593,0.1130705,0.0634802876988771,0.2568747471839355,0.2002954999999997,-0.0545074445418198,0.0705374053495632,0.1494119999999998,-0.0953623504765056,0.2842124140242563,0.1251034999999998,0.0068962312968148,0.3027499677831308,0.0443009999999999,-0.024737392105852,0.3283970128899445,-0.0429240000000001,0.046381118590567,0.107667832838108,-0.051161510810811,0.0285533473928233,-0.1382852305410597,-0.0306359357142857,0.0198491831595721,-0.1671574909448442,0.0323519999999999,0.0361115030584659,-0.5515902726837117,-0.091571,0.0574108670796547,-0.8921765297299427,-0.2045910000000002,-0.038800887236653,-0.125725540426662,-0.1104060000000002,-0.0584314076621722,-0.5096913317159459,-0.2319347999999998,-0.0189492099909538,-0.8417220490332997,-0.360239,-0.0513767925960644,0.3742889658020841,0.1148089999999997
-0.0083136616670032,-0.1464638616638,-0.0382149999999996,0.0,0.0,0.0,0.0083136614053384,0.1464638622888404,0.0382149000000002,0.0170172630017341,0.2927475466615147,0.0773347000000002,0.0319416179233063,0.2830162936942338,0.1107433000000002,0.0691925517420827,0.2587271993500182,0.1941342000000001,-0.0494634966158758,0.074947550517932,0.1421723000000003,-0.0892501571007842,0.2867107015662047,0.1524897000000002,0.002092918031731,0.3024787907844189,0.0439256999999999,-0.0351580318979063,0.3267678832192796,-0.0394652999999998,0.0232241015024573,0.1017947771697892,-0.0580832144144145,0.0031041578889878,-0.1436764152664494,-0.0415193848214285,0.0257382782058809,-0.166416489958381,0.0310737000000003,0.033025675822581,-0.5507603833969609,-0.0915245999999996,0.0538914930429267,-0.8897494866613656,-0.2065968999999996,-0.0423655918171234,-0.1265112275938559,-0.1075036999999996,-0.0550107691041116,-0.5085232950549218,-0.2362677999999998,-0.0228364230944247,-0.8396684014690217,-0.3700654999999999,-0.0544035537503005,0.3726588000634018,0.1166882
-0.0092343440797627,-0.1463768390181372,-0.0387690000000002,0.0,0.0,0.0,0.0092343426806697,0.1463768192836206,0.0387689999999998,0.018851786149609,0.29253366739978,0.0784544999999998,0.0313882213159019,0.2823905894810223,0.1127887999999996,0.0631445002272769,0.2566962410801893,0.1997567999999998,-0.057053656632894,0.0716123825957975,0.1514287999999997,-0.0896816996904275,0.2857909731464615,0.1314758,0.0063153474952334,0.3026767380033346,0.0441202999999998,-0.0254409311538918,0.3283710935722461,-0.0428477000000002,0.0481624275973446,0.1081196063510557,-0.0506290720720722,0.0305109773546568,-0.137870524023722,-0.0297987473214285,0.0203451299361294,-0.1671961998344229,0.0324162999999999,0.0369719911979689,-0.5517904285530892,-0.0864630000000001,0.0579538647644583,-0.8926227901940345,-0.1946002,-0.0388138047539698,-0.1255574755893746,-0.1099544000000003,-0.0571470130597774,-0.5096396285475568,-0.2293652000000001,-0.0178633094414544,-0.8418572853998061,-0.3556682000000002,-0.0516199103321643,0.373987362427015,0.1153089999999998
